/scratch-cbe/users/laura.diezma/tag-seq/186112_output/A1_CTATTCG.fastq	186112	A1_CTATTCG
/scratch-cbe/users/laura.diezma/tag-seq/186112_output/A2_GTATGCG.fastq	186112	A2_GTATGCG
/scratch-cbe/users/laura.diezma/tag-seq/186112_output/A3_TGTCACG.fastq	186112	A3_TGTCACG
/scratch-cbe/users/laura.diezma/tag-seq/186112_output/B1_ACTCAGG.fastq	186112	B1_ACTCAGG
/scratch-cbe/users/laura.diezma/tag-seq/186112_output/B2_ATCTGCA.fastq	186112	B2_ATCTGCA
/scratch-cbe/users/laura.diezma/tag-seq/186112_output/B3_TTCCTGA.fastq	186112	B3_TTCCTGA
/scratch-cbe/users/laura.diezma/tag-seq/186112_output/C1_ACACGTG.fastq	186112	C1_ACACGTG
/scratch-cbe/users/laura.diezma/tag-seq/186112_output/C2_GCAGTAG.fastq	186112	C2_GCAGTAG
/scratch-cbe/users/laura.diezma/tag-seq/186112_output/C3_GGATCTA.fastq	186112	C3_GGATCTA
/scratch-cbe/users/laura.diezma/tag-seq/186112_output/D1_TCTTCGA.fastq	186112	D1_TCTTCGA
/scratch-cbe/users/laura.diezma/tag-seq/186112_output/D2_CAGTACG.fastq	186112	D2_CAGTACG
/scratch-cbe/users/laura.diezma/tag-seq/186112_output/D3_TACCAGT.fastq	186112	D3_TACCAGT
/scratch-cbe/users/laura.diezma/tag-seq/186112_output/E1_AGCACTG.fastq	186112	E1_AGCACTG
/scratch-cbe/users/laura.diezma/tag-seq/186112_output/E2_TGCACAA.fastq	186112	E2_TGCACAA
/scratch-cbe/users/laura.diezma/tag-seq/186112_output/E3_GGAGACT.fastq	186112	E3_GGAGACT
/scratch-cbe/users/laura.diezma/tag-seq/186112_output/F1_AGTGCGT.fastq	186112	F1_AGTGCGT
/scratch-cbe/users/laura.diezma/tag-seq/186112_output/F2_CGTAACT.fastq	186112	F2_CGTAACT
/scratch-cbe/users/laura.diezma/tag-seq/186112_output/F3_AGCTAGT.fastq	186112	F3_AGCTAGT
/scratch-cbe/users/laura.diezma/tag-seq/186112_output/G1_AACGTTC.fastq	186112	G1_AACGTTC
/scratch-cbe/users/laura.diezma/tag-seq/186112_output/G2_AGCTCAA.fastq	186112	G2_AGCTCAA
/scratch-cbe/users/laura.diezma/tag-seq/186112_output/G3_ACTTGGC.fastq	186112	G3_ACTTGGC
/scratch-cbe/users/laura.diezma/tag-seq/186112_output/H1_ATCTGTC.fastq	186112	H1_ATCTGTC
/scratch-cbe/users/laura.diezma/tag-seq/186112_output/H2_ATAACCG.fastq	186112	H2_ATAACCG
/scratch-cbe/users/laura.diezma/tag-seq/186112_output/H3_TAGCGCA.fastq	186112	H3_TAGCGCA
