/scratch-cbe/users/pierre.bourguet/3_tag_seq_demultiplexed_tagseq_02_w_s456/C6_GTGCTAT.fastq.gz	w_s456_H2A.W_KAPK_R1
/scratch-cbe/users/pierre.bourguet/3_tag_seq_demultiplexed_tagseq_02_w_s456/E4_ACTGCAG.fastq.gz	w_s456_pHTA6_HTA9_R1
/scratch-cbe/users/pierre.bourguet/3_tag_seq_demultiplexed_tagseq_02_w_s456/A6_CGCTTGA.fastq.gz	s456_R1
/scratch-cbe/users/pierre.bourguet/3_tag_seq_demultiplexed_tagseq_02_w_s456/H7_CTACAGC.fastq.gz	s456_R2
/scratch-cbe/users/pierre.bourguet/3_tag_seq_demultiplexed_tagseq_02_w_s456/E2_TGCACAA.fastq.gz	h2aw_s456_R1
/scratch-cbe/users/pierre.bourguet/3_tag_seq_demultiplexed_tagseq_02_w_s456/H4_GCCTACA.fastq.gz	s456_R3
/scratch-cbe/users/pierre.bourguet/3_tag_seq_demultiplexed_tagseq_02_w_s456/B3_TTCCTGA.fastq.gz	WT_R1
/scratch-cbe/users/pierre.bourguet/3_tag_seq_demultiplexed_tagseq_02_w_s456/C5_CTAGTGC.fastq.gz	w_s456_H2A.W_dKSPKKX_R1
/scratch-cbe/users/pierre.bourguet/3_tag_seq_demultiplexed_tagseq_02_w_s456/D10_CGGATTA.fastq.gz	s456_R4
/scratch-cbe/users/pierre.bourguet/3_tag_seq_demultiplexed_tagseq_02_w_s456/A1_CTATTCG.fastq.gz	w_s456_H2A.W_KDPK_R1
/scratch-cbe/users/pierre.bourguet/3_tag_seq_demultiplexed_tagseq_02_w_s456/A2_GTATGCG.fastq.gz	w_s456_pHTA6_HTA9_R2
/scratch-cbe/users/pierre.bourguet/3_tag_seq_demultiplexed_tagseq_02_w_s456/F1_AGTGCGT.fastq.gz	w_s456_H2A.W_dCter_R1
/scratch-cbe/users/pierre.bourguet/3_tag_seq_demultiplexed_tagseq_02_w_s456/A9_TGGAGCA.fastq.gz	w_s456_H2A.W_R1
/scratch-cbe/users/pierre.bourguet/3_tag_seq_demultiplexed_tagseq_02_w_s456/H8_TCACAAG.fastq.gz	w_s456_pHTA9_HTA9_R1
/scratch-cbe/users/pierre.bourguet/3_tag_seq_demultiplexed_tagseq_02_w_s456/F10_ACGCTAT.fastq.gz	w_s456_H2A.W_dCter_R2
/scratch-cbe/users/pierre.bourguet/3_tag_seq_demultiplexed_tagseq_02_w_s456/B1_ACTCAGG.fastq.gz	w_s456_pHTA9_HTA9_HTA6Cter_R1
/scratch-cbe/users/pierre.bourguet/3_tag_seq_demultiplexed_tagseq_02_w_s456/H6_CTACAAG.fastq.gz	h2aw_s456_R2
/scratch-cbe/users/pierre.bourguet/3_tag_seq_demultiplexed_tagseq_02_w_s456/E8_TCGAAGG.fastq.gz	w_s456_H2A.W_KDPK_R2
/scratch-cbe/users/pierre.bourguet/3_tag_seq_demultiplexed_tagseq_02_w_s456/G7_AAGCCTT.fastq.gz	WT_R2
/scratch-cbe/users/pierre.bourguet/3_tag_seq_demultiplexed_tagseq_02_w_s456/E5_ATGCCAA.fastq.gz	w_s456_H2A.W_KAPK_R2
/scratch-cbe/users/pierre.bourguet/3_tag_seq_demultiplexed_tagseq_02_w_s456/G10_TCGATAC.fastq.gz	w_s456_H2A.W_dKSPKKX_R2
/scratch-cbe/users/pierre.bourguet/3_tag_seq_demultiplexed_tagseq_02_w_s456/B6_GATCACA.fastq.gz	w_s456_pHTA9_HTA9_R2
/scratch-cbe/users/pierre.bourguet/3_tag_seq_demultiplexed_tagseq_02_w_s456/D1_TCTTCGA.fastq.gz	w_s456_H2A.W_R2
/scratch-cbe/users/pierre.bourguet/3_tag_seq_demultiplexed_tagseq_02_w_s456/E1_AGCACTG.fastq.gz	w_s456_pHTA9_HTA9_R3
/scratch-cbe/users/pierre.bourguet/3_tag_seq_demultiplexed_tagseq_02_w_s456/B7_TACTAGC.fastq.gz	w_s456_H2A.W_KDPK_R3
/scratch-cbe/users/pierre.bourguet/3_tag_seq_demultiplexed_tagseq_02_w_s456/F6_ATAGCGA.fastq.gz	w_s456_H2A.W_dKSPKKX_R3
/scratch-cbe/users/pierre.bourguet/3_tag_seq_demultiplexed_tagseq_02_w_s456/D5_CTTGCAG.fastq.gz	w_s456_pHTA6_HTA9_R3
/scratch-cbe/users/pierre.bourguet/3_tag_seq_demultiplexed_tagseq_02_w_s456/E6_CTACGTA.fastq.gz	w_s456_H2A.W_dCter_R3
/scratch-cbe/users/pierre.bourguet/3_tag_seq_demultiplexed_tagseq_02_w_s456/F8_TATAGGC.fastq.gz	w_s456_H2A.W_R3
/scratch-cbe/users/pierre.bourguet/3_tag_seq_demultiplexed_tagseq_02_w_s456/A8_CTTAGTG.fastq.gz	WT_R3
/scratch-cbe/users/pierre.bourguet/3_tag_seq_demultiplexed_tagseq_02_w_s456/G8_AACAGCT.fastq.gz	w_s456_H2A.W_dCter_R4
/scratch-cbe/users/pierre.bourguet/3_tag_seq_demultiplexed_tagseq_02_w_s456/G2_AGCTCAA.fastq.gz	w_s456_pHTA9_HTA9_R4
/scratch-cbe/users/pierre.bourguet/3_tag_seq_demultiplexed_tagseq_02_w_s456/H1_ATCTGTC.fastq.gz	w_s456_H2A.W_KAPK_R3
/scratch-cbe/users/pierre.bourguet/3_tag_seq_demultiplexed_tagseq_02_w_s456/G6_GTAGTCT.fastq.gz	w_s456_pHTA6_HTA9_R4
/scratch-cbe/users/pierre.bourguet/3_tag_seq_demultiplexed_tagseq_02_w_s456/G4_CGCATAT.fastq.gz	w_s456_H2A.W_R4
/scratch-cbe/users/pierre.bourguet/3_tag_seq_demultiplexed_tagseq_02_w_s456/D6_AGGCTAG.fastq.gz	w_s456_pHTA6_HTA9_HTA6Cter_R1
/scratch-cbe/users/pierre.bourguet/3_tag_seq_demultiplexed_tagseq_02_w_s456/B4_GGCGATT.fastq.gz	WT_R4
/scratch-cbe/users/pierre.bourguet/3_tag_seq_demultiplexed_tagseq_02_w_s456/D2_CAGTACG.fastq.gz	w_s456_pHTA6_HTA9_HTA6Cter_R2
/scratch-cbe/users/pierre.bourguet/3_tag_seq_demultiplexed_tagseq_02_w_s456/C9_TTGCAGA.fastq.gz	w_s456_H2A.W_dKSPKKX_R4
/scratch-cbe/users/pierre.bourguet/3_tag_seq_demultiplexed_tagseq_02_w_s456/D7_AGGCGTT.fastq.gz	w_s456_H2A.W_dKSPKKX_R5
/scratch-cbe/users/pierre.bourguet/3_tag_seq_demultiplexed_tagseq_02_w_s456/B5_CTGTGAG.fastq.gz	w_s456_pHTA9_HTA9_R5
/scratch-cbe/users/pierre.bourguet/3_tag_seq_demultiplexed_tagseq_02_w_s456/C4_GCTGAAT.fastq.gz	h2aw_s456_R3
/scratch-cbe/users/pierre.bourguet/3_tag_seq_demultiplexed_tagseq_02_w_s456/E10_TCTCGAA.fastq.gz	w_s456_pHTA6_HTA9_R5
/scratch-cbe/users/pierre.bourguet/3_tag_seq_demultiplexed_tagseq_02_w_s456/D4_GAATAGC.fastq.gz	w_s456_H2A.W_KAPK_R4
/scratch-cbe/users/pierre.bourguet/3_tag_seq_demultiplexed_tagseq_02_w_s456/G3_ACTTGGC.fastq.gz	h2aw_s456_R4
/scratch-cbe/users/pierre.bourguet/3_tag_seq_demultiplexed_tagseq_02_w_s456/B8_GGCTAGA.fastq.gz	h2aw_s456_R5
/scratch-cbe/users/pierre.bourguet/3_tag_seq_demultiplexed_tagseq_02_w_s456/D3_TACCAGT.fastq.gz	w_s456_pHTA6_HTA9_HTA6Cter_R3
/scratch-cbe/users/pierre.bourguet/3_tag_seq_demultiplexed_tagseq_02_w_s456/C2_GCAGTAG.fastq.gz	w_s456_H2A.W_R5
/scratch-cbe/users/pierre.bourguet/3_tag_seq_demultiplexed_tagseq_02_w_s456/A5_TTCAAGC.fastq.gz	WT_R5
/scratch-cbe/users/pierre.bourguet/3_tag_seq_demultiplexed_tagseq_02_w_s456/F4_CTTACGG.fastq.gz	s456_R5
/scratch-cbe/users/pierre.bourguet/3_tag_seq_demultiplexed_tagseq_02_w_s456/E3_GGAGACT.fastq.gz	w_s456_H2A.W_KDPK_R4
/scratch-cbe/users/pierre.bourguet/3_tag_seq_demultiplexed_tagseq_02_w_s456/H5_AGCCGAT.fastq.gz	w_s456_H2A.W_R6
/scratch-cbe/users/pierre.bourguet/3_tag_seq_demultiplexed_tagseq_02_w_s456/B10_GACACTG.fastq.gz	w_s456_H2A.W_KDPK_R5
/scratch-cbe/users/pierre.bourguet/3_tag_seq_demultiplexed_tagseq_02_w_s456/F3_AGCTAGT.fastq.gz	w_s456_pHTA6_HTA9_R6
/scratch-cbe/users/pierre.bourguet/3_tag_seq_demultiplexed_tagseq_02_w_s456/G5_CTAAGCG.fastq.gz	w_s456_pHTA9_HTA9_HTA6Cter_R2
/scratch-cbe/users/pierre.bourguet/3_tag_seq_demultiplexed_tagseq_02_w_s456/H10_TGACGGA.fastq.gz	mystery_R1
/scratch-cbe/users/pierre.bourguet/3_tag_seq_demultiplexed_tagseq_02_w_s456/D8_CGTTGAA.fastq.gz	s456_R6
/scratch-cbe/users/pierre.bourguet/3_tag_seq_demultiplexed_tagseq_02_w_s456/H2_ATAACCG.fastq.gz	w_s456_H2A.W_KAPK_R5
/scratch-cbe/users/pierre.bourguet/3_tag_seq_demultiplexed_tagseq_02_w_s456/C7_GCAACTA.fastq.gz	h2aw_s456_R6
/scratch-cbe/users/pierre.bourguet/3_tag_seq_demultiplexed_tagseq_02_w_s456/A7_CATGAAC.fastq.gz	w_s456_H2A.W_dCter_R5
/scratch-cbe/users/pierre.bourguet/3_tag_seq_demultiplexed_tagseq_02_w_s456/C8_TTGCCAG.fastq.gz	w_s456_pHTA6_HTA9_R7
/scratch-cbe/users/pierre.bourguet/3_tag_seq_demultiplexed_tagseq_02_w_s456/E7_CGCTACA.fastq.gz	w_s456_pHTA6_HTA9_R8
/scratch-cbe/users/pierre.bourguet/3_tag_seq_demultiplexed_tagseq_02_w_s456/E9_CTGATGG.fastq.gz	s456_R7
/scratch-cbe/users/pierre.bourguet/3_tag_seq_demultiplexed_tagseq_02_w_s456/B2_ATCTGCA.fastq.gz	s456_R8
/scratch-cbe/users/pierre.bourguet/3_tag_seq_demultiplexed_tagseq_02_w_s456/H9_AACGGTG.fastq.gz	h2aw_s456_R7
/scratch-cbe/users/pierre.bourguet/3_tag_seq_demultiplexed_tagseq_02_w_s456/C1_ACACGTG.fastq.gz	w_s456_pHTA6_HTA9_HTA6Cter_R4
/scratch-cbe/users/pierre.bourguet/3_tag_seq_demultiplexed_tagseq_02_w_s456/B9_CAATCGA.fastq.gz	w_s456_pHTA6_HTA9_R9
/scratch-cbe/users/pierre.bourguet/3_tag_seq_demultiplexed_tagseq_02_w_s456/C3_GGATCTA.fastq.gz	w_s456_H2A.W_dCter_R6
/scratch-cbe/users/pierre.bourguet/3_tag_seq_demultiplexed_tagseq_02_w_s456/A10_AGTCTCC.fastq.gz	h2aw_s456_R8
/scratch-cbe/users/pierre.bourguet/3_tag_seq_demultiplexed_tagseq_02_w_s456/H3_TAGCGCA.fastq.gz	w_s456_H2A.W_KDPK_R6
/scratch-cbe/users/pierre.bourguet/3_tag_seq_demultiplexed_tagseq_02_w_s456/F7_AAGGTAC.fastq.gz	w_s456_pHTA9_HTA9_R6
/scratch-cbe/users/pierre.bourguet/3_tag_seq_demultiplexed_tagseq_02_w_s456/A3_TGTCACG.fastq.gz	w_s456_pHTA9_HTA9_HTA6Cter_R3
/scratch-cbe/users/pierre.bourguet/3_tag_seq_demultiplexed_tagseq_02_w_s456/C10_ATCAGGC.fastq.gz	WT_R6
/scratch-cbe/users/pierre.bourguet/3_tag_seq_demultiplexed_tagseq_02_w_s456/G1_AACGTTC.fastq.gz	WT_R7
/scratch-cbe/users/pierre.bourguet/3_tag_seq_demultiplexed_tagseq_02_w_s456/F9_GCTTAGA.fastq.gz	w_s456_pHTA6_HTA9_HTA6Cter_R5
/scratch-cbe/users/pierre.bourguet/3_tag_seq_demultiplexed_tagseq_02_w_s456/D9_ACCGATC.fastq.gz	WT_R8
/scratch-cbe/users/pierre.bourguet/3_tag_seq_demultiplexed_tagseq_02_w_s456/A4_CCTAAGG.fastq.gz	w_s456_H2A.W_dCter_R7
/scratch-cbe/users/pierre.bourguet/3_tag_seq_demultiplexed_tagseq_02_w_s456/F5_CATGCTG.fastq.gz	h2aw_s456_R9
/scratch-cbe/users/pierre.bourguet/3_tag_seq_demultiplexed_tagseq_02_w_s456/F2_CGTAACT.fastq.gz	w_s456_H2A.W_dKSPKKX_R6
/scratch-cbe/users/pierre.bourguet/3_tag_seq_demultiplexed_tagseq_02_w_s456/G9_TACGAGG.fastq.gz	w_s456_H2A.W_dCter_R8
