Run ID,Test Date,Assay Name,Sample Name,Original Sample Conc.,Original sample conc. units,for 80ng,water,RT-Primer,new_name
100425-171803,10/04/2025 17:18,RNA HS,13-2-2 (x10),88.4,ng/uL,0.9,3.1,A1,G603E_R1
100425-171803,10/04/2025 17:18,RNA HS,13-2-2 (x10),88.4,ng/uL,0.9,3.1,B1,G603E_R2
100425-171803,10/04/2025 17:18,RNA HS,13-2-3 (x10),86,ng/uL,0.9,3.1,C1,G603E_R3
100425-171803,10/04/2025 17:18,RNA HS,13-2-4 (x10),86.2,ng/uL,0.9,3.1,D1,G603E_R4
100425-171803,10/04/2025 17:18,RNA HS,16:101-5,65,ng/uL,1.2,2.8,E1,WT_R1
100425-171803,10/04/2025 17:18,RNA HS,16:101-6,134,ng/uL,0.6,3.4,F1,WT_R2
100425-171803,10/04/2025 17:18,RNA HS,16:101-7,52.8,ng/uL,1.5,2.5,G1,WT_R3
100425-171803,10/04/2025 17:18,RNA HS,16:101-8,44.8,ng/uL,1.8,2.2,H1,WT_R4
100425-160906,10/04/2025 16:09,RNA HS,3rd ddm1-1,50.8,ng/uL,1.6,2.4,A2,ddm1_G3_R1
100425-171803,10/04/2025 17:18,RNA HS,3rd ddm1-4,43.6,ng/uL,1.8,2.2,B2,ddm1_G3_R2
100425-171803,10/04/2025 17:18,RNA HS,3rd ddm1-5,69.4,ng/uL,1.2,2.8,C2,ddm1_G3_R3
100425-171803,10/04/2025 17:18,RNA HS,3rd ddm1-6,77,ng/uL,1,3,D2,ddm1_G3_R4
100425-160906,10/04/2025 16:09,RNA HS,A314T-1,49.4,ng/uL,1.6,2.4,E2,A314T_R1
100425-171803,10/04/2025 17:18,RNA HS,A314T-5,45.4,ng/uL,1.8,2.2,F2,A314T_R2
100425-171803,10/04/2025 17:18,RNA HS,A314T-6,90.4,ng/uL,0.9,3.1,G2,A314T_R3
100425-171803,10/04/2025 17:18,RNA HS,A314T-7,59.2,ng/uL,1.4,2.6,H2,A314T_R4
100425-171803,10/04/2025 17:18,RNA HS,G259N-1,49.4,ng/uL,1.6,2.4,A3,G259N_R1
100425-160906,10/04/2025 16:09,RNA HS,G259N-3,100,ng/uL,0.8,3.2,B3,G259N_R2
100425-160906,10/04/2025 16:09,RNA HS,G259N-7,44,ng/uL,1.8,2.2,C3,G259N_R3
100425-160906,10/04/2025 16:09,RNA HS,G259N-8,66.4,ng/uL,1.2,2.8,D3,G259N_R4
100425-171803,10/04/2025 17:18,RNA HS,G606E-3,69.4,ng/uL,1.2,2.8,E3,G606E_R1
100425-171803,10/04/2025 17:18,RNA HS,G606E-4,36.6,ng/uL,2.2,1.8,F3,G606E_R2
100425-171803,10/04/2025 17:18,RNA HS,G606E-6,85.2,ng/uL,0.9,3.1,G3,G606E_R3
100425-171803,10/04/2025 17:18,RNA HS,G606E-8,67,ng/uL,1.2,2.8,H3,G606E_R4
100425-171803,10/04/2025 17:18,RNA HS,P624L-1,45.8,ng/uL,1.7,2.3,A4,P624L_R1
100425-171803,10/04/2025 17:18,RNA HS,P624L-3,49,ng/uL,1.6,2.4,B4,P624L_R2
100425-171803,10/04/2025 17:18,RNA HS,P624L-5,96.6,ng/uL,0.8,3.2,C4,P624L_R3
100425-171803,10/04/2025 17:18,RNA HS,P624L-7,42.2,ng/uL,1.9,2.1,D4,P624L_R4
100425-171803,10/04/2025 17:19,RNA HS,Q99*-tot (x10),30.4,ng/uL,2.6,1.4,E4,Q99_stop_R1
100425-171803,10/04/2025 17:19,RNA HS,Q99*-tot (x10),30.4,ng/uL,2.6,1.4,F4,Q99_stop_R2
100425-171803,10/04/2025 17:19,RNA HS,Q99*-tot (x10),30.4,ng/uL,2.6,1.4,G4,Q99_stop_R3
100425-171803,10/04/2025 17:19,RNA HS,Q99*-tot (x10),30.4,ng/uL,2.6,1.4,H4,Q99_stop_R4
100425-171803,10/04/2025 17:18,RNA HS,W748*-2,53.2,ng/uL,1.5,2.5,A5,W748_stop_R1
100425-171803,10/04/2025 17:19,RNA HS,W748*-3,71.6,ng/uL,1.1,2.9,B5,W748_stop_R2
100425-160906,10/04/2025 16:09,RNA HS,W748*-6,47.2,ng/uL,1.7,2.3,C5,W748_stop_R3
100425-160906,10/04/2025 16:09,RNA HS,W748*-8,33.6,ng/uL,2.4,1.6,D5,W748_stop_R4
