A1	cdca7_ab	3_A9	cdca7_ab_R4
A2	WT	1_C7	WT_R5
A3	cdca7_a_p6966_d26nt	9_C3	cdca7_a_p6966_d26nt_R1
A4	cdca7_ab_CDCA7	4_E9	cdca7_ab_CDCA7_R5
A5	cdca7_a_dCter	7_F3	cdca7_a_dCter_R3
A6	cdca7_a_dCter	7_G3	cdca7_a_dCter_R1
A7	cdca7_a_dNter	6_H7	cdca7_a_dNter_R2
A8	cdca7_a_p6966_d26nt	9_I3	cdca7_a_p6966_d26nt_R4
A9	cdca7_a_dNter	6_J7	cdca7_a_dNter_R5
B1	cdca7_a_short_KO	5_A3	cdca7_a_short_KO_R2
B2	cdca7_a_dCter	7_B3	cdca7_a_dCter_R2
B3	cdca7_a_p6966_d4nt	10_C5	cdca7_a_p6966_d4nt_R2
B4	cdca7_a_p6966	8_E7	cdca7_a_p6966_R2
B5	cdca7_a_p6966_d26nt	9_F5	cdca7_a_p6966_d26nt_R3
B6	cdca7_a_p6966	8_G5	cdca7_a_p6966_R3
B7	cdca7_a_p6966	8_H1	cdca7_a_p6966_R1
B8	WT	1_A7	WT_R6
B9	cdca7_a_dNter	6_J5	cdca7_a_dNter_R6
C1	cdca7_a_dNter	6_A7	cdca7_a_dNter_R4
C2	cdca7_a_p6966_d26nt	9_B9	cdca7_a_p6966_d26nt_R2
C3	cdca7_a_p6966_d4nt	10_C3	cdca7_a_p6966_d4nt_R1
C4	cdca7_a_p6966_d4nt	10_E9	cdca7_a_p6966_d4nt_R3
C5	cdca7_a_p6966_d4nt	10_F7	cdca7_a_p6966_d4nt_R5
C6	cdca7_a_p6966_d4nt	10_G1	cdca7_a_p6966_d4nt_R8
C7	cdca7_a_p6966_d4nt	10_H7	cdca7_a_p6966_d4nt_R4
C8	cdca7_a_C183S_C209S	12_I5	cdca7_a_C183S_C209S_R5
C9	NC	NC_NC	NC_R1
D1	cdca7_a_dNter	6_A1	cdca7_a_dNter_R3
D2	cdca7_a_C183S_C209S	12_B1	cdca7_a_C183S_C209S_R6
D3	cdca7_a_C183S_C209S	12_C7	cdca7_a_C183S_C209S_R8
D4	cdca7_a_p6966_d4nt	10_E3	cdca7_a_p6966_d4nt_R7
D5	cdca7_a_p6966_d4nt	10_F9	cdca7_a_p6966_d4nt_R9
D6	cdca7_a_p6966_d4nt	10_G9	cdca7_a_p6966_d4nt_R6
D7	cdca7_a_C183S_C209S	12_H7	cdca7_a_C183S_C209S_R4
D8	cdca7_a_C183S_C209S	12_I3	cdca7_a_C183S_C209S_R1
D9	WT	1_F3	WT_R1
E1	cdca7_a_R35A_N42L	11_A7	cdca7_a_R35A_N42L_R1
E2	cdca7_a_C183S_C209S	12_B3	cdca7_a_C183S_C209S_R2
E3	WT	1_D9	WT_R3
E4	cdca7_ab	3_F3	cdca7_ab_R6
E5	cdca7_ab	3_G9	cdca7_ab_R2
E6	cdca7_a	3_H1	cdca7_a_R4
E7	cdca7_a	3_I7	cdca7_a_R3
E8	cdca7_a	3_J3	cdca7_a_R1
F1	cdca7_a_C183S_C209S	12_A5	cdca7_a_C183S_C209S_R3
F2	cdca7_a	3_C9	cdca7_a_R2
F3	cdca7_ab	3_D5	cdca7_ab_R3
F4	cdca7_ab_CDCA7	4_F1	cdca7_ab_CDCA7_R6
F5	cdca7_ab	3_G5	cdca7_ab_R1
F6	cdca7_a	3_H7	cdca7_a_R5
F7	cdca7_a_CDCA7	4_I3	cdca7_a_CDCA7_R2
F8	cdca7_ab_CDCA7	4_J1	cdca7_ab_CDCA7_R2
G1	cdca7_a_C183S_C209S	12_A9	cdca7_a_C183S_C209S_R7
G2	cdca7_a_CDCA7	4_C1	cdca7_a_CDCA7_R1
G3	cdca7_ab	3_E3	cdca7_ab_R5
G4	cdca7_ab_CDCA7	4_F3	cdca7_ab_CDCA7_R1
G5	cdca7_ab_CDCA7	4_G9	cdca7_ab_CDCA7_R7
G6	WT	1_F7	WT_R4
G7	cdca7_a_dNter	6_I9	cdca7_a_dNter_R1
G8	cdca7_ab_CDCA7	4_J3	cdca7_ab_CDCA7_R4
H1	WT	1_B3	WT_R2
H2	cdca7_a_short_KO	5_C5	cdca7_a_short_KO_R1
H3	cdca7_ab_CDCA7	4_E1	cdca7_ab_CDCA7_R8
H4	cdca7_ab_dCter	7_F7	cdca7_ab_dCter_R1
H5	cdca7_aBb_CDCA7	4_G7	cdca7_aBb_CDCA7_R1
H6	cdca7_ab_CDCA7	4_H1	cdca7_ab_CDCA7_R3
H7	cdca7_a_p6966	8_I5	cdca7_a_p6966_R4
H8	cdca7_a_CDCA7	4_J9	cdca7_a_CDCA7_R3
