file	sample	size_in_Mb
/scratch-cbe/users/pierre.bourguet/tagseq_05_standard/demultiplex_merged/no_barcode_match_R2.fastq.gz	no_barcode_match_R2	4706.559982299805
/scratch-cbe/users/pierre.bourguet/tagseq_05_standard/demultiplex_merged/no_barcode_match_R1.fastq.gz	no_barcode_match_R1	3344.651337623596
/scratch-cbe/users/pierre.bourguet/tagseq_05_standard/demultiplex_merged/H8_TCACAAG.fastq.gz	ddm1_2_R1	1042.5590295791626
/scratch-cbe/users/pierre.bourguet/tagseq_05_standard/demultiplex_merged/H9_AACGGTG.fastq.gz	ros1_3_R1	622.6762657165527
/scratch-cbe/users/pierre.bourguet/tagseq_05_standard/demultiplex_merged/F5_CATGCTG.fastq.gz	ddm1_bmi1a_1b_R2	352.1069755554199
/scratch-cbe/users/pierre.bourguet/tagseq_05_standard/demultiplex_merged/B9_CAATCGA.fastq.gz	ddm1_ros1_R3	282.95648288726807
/scratch-cbe/users/pierre.bourguet/tagseq_05_standard/demultiplex_merged/F4_CTTACGG.fastq.gz	ddm1_dCBD_G1_R3	268.96628856658936
/scratch-cbe/users/pierre.bourguet/tagseq_05_standard/demultiplex_merged/A10_AGTCTCC.fastq.gz	ddm1_ros1_R2	263.37685680389404
/scratch-cbe/users/pierre.bourguet/tagseq_05_standard/demultiplex_merged/G9_TACGAGG.fastq.gz	ddm1_2_R3	246.40408039093018
/scratch-cbe/users/pierre.bourguet/tagseq_05_standard/demultiplex_merged/H10_TGACGGA.fastq.gz	ddm1_ros1_R1	222.0423412322998
/scratch-cbe/users/pierre.bourguet/tagseq_05_standard/demultiplex_merged/B6_GATCACA.fastq.gz	cmt3_R1	214.06991863250732
/scratch-cbe/users/pierre.bourguet/tagseq_05_standard/demultiplex_merged/B10_GACACTG.fastq.gz	h2az_R1	213.23654747009277
/scratch-cbe/users/pierre.bourguet/tagseq_05_standard/demultiplex_merged/G8_AACAGCT.fastq.gz	Col_0_B_R3	205.0185956954956
/scratch-cbe/users/pierre.bourguet/tagseq_05_standard/demultiplex_merged/F9_GCTTAGA.fastq.gz	Col_0_B_R1	198.74936485290527
/scratch-cbe/users/pierre.bourguet/tagseq_05_standard/demultiplex_merged/G10_TCGATAC.fastq.gz	ros1_3_R4	196.8083620071411
/scratch-cbe/users/pierre.bourguet/tagseq_05_standard/demultiplex_merged/E5_ATGCCAA.fastq.gz	ddm1_ring1a_1b_R1	183.3044662475586
/scratch-cbe/users/pierre.bourguet/tagseq_05_standard/demultiplex_merged/C11_CGAGTCT.fastq.gz	ddm1_2_h2az_2_R1	181.50019359588623
/scratch-cbe/users/pierre.bourguet/tagseq_05_standard/demultiplex_merged/C8_TTGCCAG.fastq.gz	CMT3_CD_in_h2aw_cmt3_R1	180.7670669555664
/scratch-cbe/users/pierre.bourguet/tagseq_05_standard/demultiplex_merged/F10_ACGCTAT.fastq.gz	ddm1_2_R2	177.79736804962158
/scratch-cbe/users/pierre.bourguet/tagseq_05_standard/demultiplex_merged/D2_CAGTACG.fastq.gz	ddm1_bmi1a_1b_R3	163.2773094177246
/scratch-cbe/users/pierre.bourguet/tagseq_05_standard/demultiplex_merged/H6_CTACAAG.fastq.gz	h2aw_2_cmt3_R2	162.47666931152344
/scratch-cbe/users/pierre.bourguet/tagseq_05_standard/demultiplex_merged/C2_GCAGTAG.fastq.gz	ddm1_ring1a_1b_R3	151.75001049041748
/scratch-cbe/users/pierre.bourguet/tagseq_05_standard/demultiplex_merged/A8_CTTAGTG.fastq.gz	CMT3_WT_in_h2aw_cmt3_R1	150.0756015777588
/scratch-cbe/users/pierre.bourguet/tagseq_05_standard/demultiplex_merged/A9_TGGAGCA.fastq.gz	ros1_3_R2	148.58542919158936
/scratch-cbe/users/pierre.bourguet/tagseq_05_standard/demultiplex_merged/B7_TACTAGC.fastq.gz	CMT3_WT_in_cmt3_R3	147.85318279266357
/scratch-cbe/users/pierre.bourguet/tagseq_05_standard/demultiplex_merged/G5_CTAAGCG.fastq.gz	WT_R2	145.761962890625
/scratch-cbe/users/pierre.bourguet/tagseq_05_standard/demultiplex_merged/G3_ACTTGGC.fastq.gz	ring1a_1b_R2	144.21603107452393
/scratch-cbe/users/pierre.bourguet/tagseq_05_standard/demultiplex_merged/D3_TACCAGT.fastq.gz	ddm1_3_37_d12bp_O2_G2_R1	141.58901500701904
/scratch-cbe/users/pierre.bourguet/tagseq_05_standard/demultiplex_merged/G4_CGCATAT.fastq.gz	ddm1_3_37_null_G1_R3	141.50537776947021
/scratch-cbe/users/pierre.bourguet/tagseq_05_standard/demultiplex_merged/E10_TCTCGAA.fastq.gz	Col_0_B_R2	140.8436803817749
/scratch-cbe/users/pierre.bourguet/tagseq_05_standard/demultiplex_merged/A6_CGCTTGA.fastq.gz	WT_R3	137.59228610992432
/scratch-cbe/users/pierre.bourguet/tagseq_05_standard/demultiplex_merged/C6_GTGCTAT.fastq.gz	cmt3_R2	135.29607009887695
/scratch-cbe/users/pierre.bourguet/tagseq_05_standard/demultiplex_merged/E3_GGAGACT.fastq.gz	ddm1_2_G1_R1	134.73511791229248
/scratch-cbe/users/pierre.bourguet/tagseq_05_standard/demultiplex_merged/H5_AGCCGAT.fastq.gz	WT_R1	134.18867588043213
/scratch-cbe/users/pierre.bourguet/tagseq_05_standard/demultiplex_merged/H3_TAGCGCA.fastq.gz	bmi1a_1b_R3	130.96187496185303
/scratch-cbe/users/pierre.bourguet/tagseq_05_standard/demultiplex_merged/E8_TCGAAGG.fastq.gz	CMT3_CD_in_h2aw_cmt3_R2	129.37042045593262
/scratch-cbe/users/pierre.bourguet/tagseq_05_standard/demultiplex_merged/H1_ATCTGTC.fastq.gz	ddm1_2_G2_R2	126.83484935760498
/scratch-cbe/users/pierre.bourguet/tagseq_05_standard/demultiplex_merged/D4_GAATAGC.fastq.gz	ddm1_dNBD_G1_R2	126.0001630783081
/scratch-cbe/users/pierre.bourguet/tagseq_05_standard/demultiplex_merged/D1_TCTTCGA.fastq.gz	ddm1_dCBD_G1_R1	123.37186527252197
/scratch-cbe/users/pierre.bourguet/tagseq_05_standard/demultiplex_merged/F3_AGCTAGT.fastq.gz	ddm1_2_G2_R3	122.82887649536133
/scratch-cbe/users/pierre.bourguet/tagseq_05_standard/demultiplex_merged/B2_ATCTGCA.fastq.gz	bmi1a_1b_R1	122.19522762298584
/scratch-cbe/users/pierre.bourguet/tagseq_05_standard/demultiplex_merged/A5_TTCAAGC.fastq.gz	ddm1_2_G1_R2	120.27864170074463
/scratch-cbe/users/pierre.bourguet/tagseq_05_standard/demultiplex_merged/E4_ACTGCAG.fastq.gz	ddm1_dNBD_new_null_G1_R1	118.63610172271729
/scratch-cbe/users/pierre.bourguet/tagseq_05_standard/demultiplex_merged/D5_CTTGCAG.fastq.gz	bmi1a_1b_R2	117.14659404754639
/scratch-cbe/users/pierre.bourguet/tagseq_05_standard/demultiplex_merged/B1_ACTCAGG.fastq.gz	ddm1_dNBD_G1_R3	117.09116172790527
/scratch-cbe/users/pierre.bourguet/tagseq_05_standard/demultiplex_merged/C4_GCTGAAT.fastq.gz	Col_0_A_R2	115.90716361999512
/scratch-cbe/users/pierre.bourguet/tagseq_05_standard/demultiplex_merged/H4_GCCTACA.fastq.gz	ddm1_3_37_d12bp_O2_G2_R2	114.08587646484375
/scratch-cbe/users/pierre.bourguet/tagseq_05_standard/demultiplex_merged/D9_ACCGATC.fastq.gz	ddm1_2_h2az_1_R1	113.8250150680542
/scratch-cbe/users/pierre.bourguet/tagseq_05_standard/demultiplex_merged/F6_ATAGCGA.fastq.gz	h2aw_2_cmt3_R3	113.6753921508789
/scratch-cbe/users/pierre.bourguet/tagseq_05_standard/demultiplex_merged/B5_CTGTGAG.fastq.gz	ddm1_2_G2_R1	108.08438205718994
/scratch-cbe/users/pierre.bourguet/tagseq_05_standard/demultiplex_merged/C5_CTAGTGC.fastq.gz	ring1a_1b_R1	105.7236557006836
/scratch-cbe/users/pierre.bourguet/tagseq_05_standard/demultiplex_merged/C9_TTGCAGA.fastq.gz	h2az_R3	105.10068225860596
/scratch-cbe/users/pierre.bourguet/tagseq_05_standard/demultiplex_merged/C10_ATCAGGC.fastq.gz	ddm1_2_h2az_1_R3	104.4297924041748
/scratch-cbe/users/pierre.bourguet/tagseq_05_standard/demultiplex_merged/A4_CCTAAGG.fastq.gz	ddm1_ring1a_1b_R2	102.46839618682861
/scratch-cbe/users/pierre.bourguet/tagseq_05_standard/demultiplex_merged/F2_CGTAACT.fastq.gz	ddm1_ros1_3_R1	100.27629089355469
/scratch-cbe/users/pierre.bourguet/tagseq_05_standard/demultiplex_merged/G1_AACGTTC.fastq.gz	ddm1_2_G1_R3	96.63875484466553
/scratch-cbe/users/pierre.bourguet/tagseq_05_standard/demultiplex_merged/D8_CGTTGAA.fastq.gz	CMT3_CD_in_h2aw_cmt3_R4	93.65667152404785
/scratch-cbe/users/pierre.bourguet/tagseq_05_standard/demultiplex_merged/D10_CGGATTA.fastq.gz	ddm1_2_h2az_2_R3	91.42221641540527
/scratch-cbe/users/pierre.bourguet/tagseq_05_standard/demultiplex_merged/E2_TGCACAA.fastq.gz	ros1_3_R3	91.32861232757568
/scratch-cbe/users/pierre.bourguet/tagseq_05_standard/demultiplex_merged/G2_AGCTCAA.fastq.gz	Col_0_A_R3	90.62673568725586
/scratch-cbe/users/pierre.bourguet/tagseq_05_standard/demultiplex_merged/A3_TGTCACG.fastq.gz	ddm1_dNBD_new_null_G1_R2	89.63079357147217
/scratch-cbe/users/pierre.bourguet/tagseq_05_standard/demultiplex_merged/E9_CTGATGG.fastq.gz	ddm1_2_h2az_2_R2	87.82198333740234
/scratch-cbe/users/pierre.bourguet/tagseq_05_standard/demultiplex_merged/E6_CTACGTA.fastq.gz	cmt3_R3	85.3714370727539
/scratch-cbe/users/pierre.bourguet/tagseq_05_standard/demultiplex_merged/D6_AGGCTAG.fastq.gz	cmt3_R4	85.04310703277588
/scratch-cbe/users/pierre.bourguet/tagseq_05_standard/demultiplex_merged/C3_GGATCTA.fastq.gz	ddm1_3_37_null_G1_R1	84.89387798309326
/scratch-cbe/users/pierre.bourguet/tagseq_05_standard/demultiplex_merged/A1_CTATTCG.fastq.gz	Col_0_A_R1	81.86366081237793
/scratch-cbe/users/pierre.bourguet/tagseq_05_standard/demultiplex_merged/F8_TATAGGC.fastq.gz	CMT3_CD_in_h2aw_cmt3_R5	81.74811840057373
/scratch-cbe/users/pierre.bourguet/tagseq_05_standard/demultiplex_merged/B3_TTCCTGA.fastq.gz	ddm1_dCBD_G1_R2	78.85048484802246
/scratch-cbe/users/pierre.bourguet/tagseq_05_standard/demultiplex_merged/E1_AGCACTG.fastq.gz	ddm1_3_37_null_G1_R2	74.92825889587402
/scratch-cbe/users/pierre.bourguet/tagseq_05_standard/demultiplex_merged/D7_AGGCGTT.fastq.gz	CMT3_WT_in_cmt3_R2	70.10498905181885
/scratch-cbe/users/pierre.bourguet/tagseq_05_standard/demultiplex_merged/A2_GTATGCG.fastq.gz	ring1a_1b_R3	68.9313735961914
/scratch-cbe/users/pierre.bourguet/tagseq_05_standard/demultiplex_merged/H7_CTACAGC.fastq.gz	CMT3_WT_in_h2aw_cmt3_R2	65.49657154083252
/scratch-cbe/users/pierre.bourguet/tagseq_05_standard/demultiplex_merged/B4_GGCGATT.fastq.gz	ddm1_bmi1a_1b_R1	64.80212211608887
/scratch-cbe/users/pierre.bourguet/tagseq_05_standard/demultiplex_merged/B8_GGCTAGA.fastq.gz	CMT3_CD_in_h2aw_cmt3_R3	60.58689594268799
/scratch-cbe/users/pierre.bourguet/tagseq_05_standard/demultiplex_merged/A7_CATGAAC.fastq.gz	h2aw_2_cmt3_R1	57.70891094207764
/scratch-cbe/users/pierre.bourguet/tagseq_05_standard/demultiplex_merged/F1_AGTGCGT.fastq.gz	ddm1_3_37_d12bp_O2_G2_R3	56.779361724853516
/scratch-cbe/users/pierre.bourguet/tagseq_05_standard/demultiplex_merged/A11_GCTTCAT.fastq.gz	h2az_R2	55.57811737060547
/scratch-cbe/users/pierre.bourguet/tagseq_05_standard/demultiplex_merged/H2_ATAACCG.fastq.gz	ddm1_dNBD_G1_R1	52.66237449645996
/scratch-cbe/users/pierre.bourguet/tagseq_05_standard/demultiplex_merged/B11_GGCACTT.fastq.gz	ddm1_2_h2az_1_R2	51.10251808166504
/scratch-cbe/users/pierre.bourguet/tagseq_05_standard/demultiplex_merged/G7_AAGCCTT.fastq.gz	CMT3_WT_in_h2aw_cmt3_R3	49.78780555725098
/scratch-cbe/users/pierre.bourguet/tagseq_05_standard/demultiplex_merged/E7_CGCTACA.fastq.gz	CMT3_CD_in_cmt3_R1	48.92692470550537
/scratch-cbe/users/pierre.bourguet/tagseq_05_standard/demultiplex_merged/C7_GCAACTA.fastq.gz	CMT3_WT_in_cmt3_R1	36.062161445617676
/scratch-cbe/users/pierre.bourguet/tagseq_05_standard/demultiplex_merged/F7_AAGGTAC.fastq.gz	CMT3_CD_in_cmt3_R2	33.42705059051514
/scratch-cbe/users/pierre.bourguet/tagseq_05_standard/demultiplex_merged/C1_ACACGTG.fastq.gz	ddm1_dNBD_new_null_G1_R3	29.446441650390625
/scratch-cbe/users/pierre.bourguet/tagseq_05_standard/demultiplex_merged/G6_GTAGTCT.fastq.gz	h2aw_2_cmt3_R4	21.810714721679688
/scratch-cbe/users/pierre.bourguet/tagseq_05_standard/demultiplex_merged/D11_CAGTCAA.fastq.gz	D11_CAGTCAA	1.1221437454223633
/scratch-cbe/users/pierre.bourguet/tagseq_05_standard/demultiplex_merged/C12_CTTCGAA.fastq.gz	C12_CTTCGAA	0.07655048370361328
/scratch-cbe/users/pierre.bourguet/tagseq_05_standard/demultiplex_merged/A12_CCTGATG.fastq.gz	A12_CCTGATG	0.03318214416503906
/scratch-cbe/users/pierre.bourguet/tagseq_05_standard/demultiplex_merged/G12_TACGTAC.fastq.gz	G12_TACGTAC	0.02858257293701172
/scratch-cbe/users/pierre.bourguet/tagseq_05_standard/demultiplex_merged/H12_TACCGGA.fastq.gz	H12_TACCGGA	0.022647857666015625
/scratch-cbe/users/pierre.bourguet/tagseq_05_standard/demultiplex_merged/F11_CCTGACT.fastq.gz	F11_CCTGACT	0.01773548126220703
/scratch-cbe/users/pierre.bourguet/tagseq_05_standard/demultiplex_merged/E12_TCGACTC.fastq.gz	E12_TCGACTC	0.013835906982421875
/scratch-cbe/users/pierre.bourguet/tagseq_05_standard/demultiplex_merged/G11_TCTGGAG.fastq.gz	G11_TCTGGAG	0.012473106384277344
/scratch-cbe/users/pierre.bourguet/tagseq_05_standard/demultiplex_merged/H11_AACTCGT.fastq.gz	H11_AACTCGT	0.012328147888183594
/scratch-cbe/users/pierre.bourguet/tagseq_05_standard/demultiplex_merged/D12_CGTCAGA.fastq.gz	D12_CGTCAGA	0.008419036865234375
/scratch-cbe/users/pierre.bourguet/tagseq_05_standard/demultiplex_merged/F12_CCATGGT.fastq.gz	F12_CCATGGT	0.0059452056884765625
/scratch-cbe/users/pierre.bourguet/tagseq_05_standard/demultiplex_merged/E11_TGCCTAA.fastq.gz	E11_TGCCTAA	0.0047206878662109375
/scratch-cbe/users/pierre.bourguet/tagseq_05_standard/demultiplex_merged/B12_CACAGAT.fastq.gz	B12_CACAGAT	0.0037584304809570312
