run_accession,condition,sample
,ros1_3,R1
,CMT3_CD_in_h2aw_cmt3,R1
,bmi1a_1b,R1
,ddm1_3_37_null_G1,R1
,CMT3_WT_in_h2aw_cmt3,R1
,ddm1_3_37_d12bp_O2_G2,R1
,Col_0_A,R1
,ddm1_2_G2,R1
,Col_0_B,R1
,cmt3,R1
,ddm1_dNBD_new_null_G1,R1
,ddm1_dNBD_G1,R1
,cmt3,R2
,ddm1_ros1,R1
,ddm1_2,R1
,WT,R1
,ddm1_ring1a_1b,R1
,ddm1_dCBD_G1,R1
,h2aw_2_cmt3,R1
,ddm1_dNBD_new_null_G1,R2
,h2az,R1
,ddm1_ros1,R2
,ddm1_3_37_null_G1,R2
,ddm1_dCBD_G1,R2
,ddm1_bmi1a_1b,R1
,ddm1_3_37_d12bp_O2_G2,R2
,ddm1_dNBD_G1,R2
,Col_0_A,R2
,ddm1_2_h2az_2,R1
,ros1_3,R2
,cmt3,R3
,CMT3_WT_in_cmt3,R1
,ddm1_ros1_3,R1
,h2aw_2_cmt3,R2
,h2az,R2
,ddm1_bmi1a_1b,R2
,ddm1_ring1a_1b,R2
,h2az,R3
,bmi1a_1b,R2
,ddm1_2_G1,R1
,CMT3_CD_in_h2aw_cmt3,R2
,ddm1_2_h2az_1,R1
,ddm1_3_37_null_G1,R3
,CMT3_WT_in_cmt3,R2
,ddm1_3_37_d12bp_O2_G2,R3
,ddm1_2_h2az_2,R2
,ddm1_dNBD_G1,R3
,ddm1_2_G1,R2
,WT,R2
,CMT3_CD_in_h2aw_cmt3,R3
,CMT3_WT_in_h2aw_cmt3,R2
,ros1_3,R3
,CMT3_CD_in_cmt3,R1
,CMT3_CD_in_cmt3,R2
,h2aw_2_cmt3,R3
,ring1a_1b,R1
,ddm1_2,R2
,ddm1_ring1a_1b,R3
,ring1a_1b,R2
,Col_0_A,R3
,Col_0_B,R2
,ddm1_2_G1,R3
,CMT3_CD_in_h2aw_cmt3,R4
,ddm1_2_h2az_1,R2
,CMT3_WT_in_cmt3,R3
,ddm1_2_G2,R2
,CMT3_CD_in_h2aw_cmt3,R5
,ddm1_dCBD_G1,R3
,ddm1_2_h2az_2,R3
,ddm1_ros1,R3
,h2aw_2_cmt3,R4
,bmi1a_1b,R3
,Col_0_B,R3
,ddm1_bmi1a_1b,R3
,WT,R3
,ddm1_dNBD_new_null_G1,R3
,ddm1_2_h2az_1,R3
,ddm1_2_G2,R3
,ddm1_2,R3
,ros1_3,R4
,CMT3_WT_in_h2aw_cmt3,R3
,ring1a_1b,R3
,cmt3,R4
