/scratch-cbe/users/pierre.bourguet/request_17232_tagseq_ddm1_EMS_mutants_demultiplexed/tagseq_ddm1_EMS_mutants/A1_CTATTCG.fastq.gz	WT_R1
/scratch-cbe/users/pierre.bourguet/request_17232_tagseq_ddm1_EMS_mutants_demultiplexed/tagseq_ddm1_EMS_mutants/B1_ACTCAGG.fastq.gz	WT_R2
/scratch-cbe/users/pierre.bourguet/request_17232_tagseq_ddm1_EMS_mutants_demultiplexed/tagseq_ddm1_EMS_mutants/C1_ACACGTG.fastq.gz	WT_R3
/scratch-cbe/users/pierre.bourguet/request_17232_tagseq_ddm1_EMS_mutants_demultiplexed/tagseq_ddm1_EMS_mutants/D1_TCTTCGA.fastq.gz	G603E_R1
/scratch-cbe/users/pierre.bourguet/request_17232_tagseq_ddm1_EMS_mutants_demultiplexed/tagseq_ddm1_EMS_mutants/E1_AGCACTG.fastq.gz	G603E_R2
/scratch-cbe/users/pierre.bourguet/request_17232_tagseq_ddm1_EMS_mutants_demultiplexed/tagseq_ddm1_EMS_mutants/F1_AGTGCGT.fastq.gz	G603E_R3
/scratch-cbe/users/pierre.bourguet/request_17232_tagseq_ddm1_EMS_mutants_demultiplexed/tagseq_ddm1_EMS_mutants/G1_AACGTTC.fastq.gz	ddm1_2_R1
/scratch-cbe/users/pierre.bourguet/request_17232_tagseq_ddm1_EMS_mutants_demultiplexed/tagseq_ddm1_EMS_mutants/H1_ATCTGTC.fastq.gz	ddm1_2_R2
/scratch-cbe/users/pierre.bourguet/request_17232_tagseq_ddm1_EMS_mutants_demultiplexed/tagseq_ddm1_EMS_mutants/A2_GTATGCG.fastq.gz	ddm1_2_R3
/scratch-cbe/users/pierre.bourguet/request_17232_tagseq_ddm1_EMS_mutants_demultiplexed/tagseq_ddm1_EMS_mutants/B2_ATCTGCA.fastq.gz	P624L_R1
/scratch-cbe/users/pierre.bourguet/request_17232_tagseq_ddm1_EMS_mutants_demultiplexed/tagseq_ddm1_EMS_mutants/C2_GCAGTAG.fastq.gz	P624L_R2
/scratch-cbe/users/pierre.bourguet/request_17232_tagseq_ddm1_EMS_mutants_demultiplexed/tagseq_ddm1_EMS_mutants/D2_CAGTACG.fastq.gz	P624L_R3
/scratch-cbe/users/pierre.bourguet/request_17232_tagseq_ddm1_EMS_mutants_demultiplexed/tagseq_ddm1_EMS_mutants/E2_TGCACAA.fastq.gz	G606E_R1
/scratch-cbe/users/pierre.bourguet/request_17232_tagseq_ddm1_EMS_mutants_demultiplexed/tagseq_ddm1_EMS_mutants/F2_CGTAACT.fastq.gz	G606E_R2
/scratch-cbe/users/pierre.bourguet/request_17232_tagseq_ddm1_EMS_mutants_demultiplexed/tagseq_ddm1_EMS_mutants/G2_AGCTCAA.fastq.gz	G606E_R3
/scratch-cbe/users/pierre.bourguet/request_17232_tagseq_ddm1_EMS_mutants_demultiplexed/tagseq_ddm1_EMS_mutants/H2_ATAACCG.fastq.gz	A314T_R1
/scratch-cbe/users/pierre.bourguet/request_17232_tagseq_ddm1_EMS_mutants_demultiplexed/tagseq_ddm1_EMS_mutants/A3_TGTCACG.fastq.gz	A314T_R2
/scratch-cbe/users/pierre.bourguet/request_17232_tagseq_ddm1_EMS_mutants_demultiplexed/tagseq_ddm1_EMS_mutants/B3_TTCCTGA.fastq.gz	A314T_R3
/scratch-cbe/users/pierre.bourguet/request_17232_tagseq_ddm1_EMS_mutants_demultiplexed/tagseq_ddm1_EMS_mutants/C3_GGATCTA.fastq.gz	A314T_met1_R1
