/scratch-cbe/users/pierre.bourguet/tagseq_05_index_2_only/demultiplex_merged/A3_TGTCACG.fastq.gz	ddm1_dNBD_new_null_G1_R1
/scratch-cbe/users/pierre.bourguet/tagseq_05_index_2_only/demultiplex_merged/D9_ACCGATC.fastq.gz	ddm1_2_h2az_1_R1
/scratch-cbe/users/pierre.bourguet/tagseq_05_index_2_only/demultiplex_merged/E8_TCGAAGG.fastq.gz	CMT3_CD_in_h2aw_cmt3_R1
/scratch-cbe/users/pierre.bourguet/tagseq_05_index_2_only/demultiplex_merged/C3_GGATCTA.fastq.gz	ddm1_3_37_null_G1_R1
/scratch-cbe/users/pierre.bourguet/tagseq_05_index_2_only/demultiplex_merged/B3_TTCCTGA.fastq.gz	ddm1_dCBD_G1_R1
/scratch-cbe/users/pierre.bourguet/tagseq_05_index_2_only/demultiplex_merged/G4_CGCATAT.fastq.gz	ddm1_3_37_null_G1_R2
/scratch-cbe/users/pierre.bourguet/tagseq_05_index_2_only/demultiplex_merged/B7_TACTAGC.fastq.gz	CMT3_WT_in_cmt3_R1
/scratch-cbe/users/pierre.bourguet/tagseq_05_index_2_only/demultiplex_merged/B4_GGCGATT.fastq.gz	ddm1_bmi1a_1b_R1
/scratch-cbe/users/pierre.bourguet/tagseq_05_index_2_only/demultiplex_merged/F8_TATAGGC.fastq.gz	CMT3_CD_in_h2aw_cmt3_R2
/scratch-cbe/users/pierre.bourguet/tagseq_05_index_2_only/demultiplex_merged/B10_GACACTG.fastq.gz	h2az_R1
/scratch-cbe/users/pierre.bourguet/tagseq_05_index_2_only/demultiplex_merged/H10_TGACGGA.fastq.gz	ddm1_ros1_R1
/scratch-cbe/users/pierre.bourguet/tagseq_05_index_2_only/demultiplex_merged/A6_CGCTTGA.fastq.gz	WT_R1
/scratch-cbe/users/pierre.bourguet/tagseq_05_index_2_only/demultiplex_merged/F9_GCTTAGA.fastq.gz	Col_0_B_R1
/scratch-cbe/users/pierre.bourguet/tagseq_05_index_2_only/demultiplex_merged/E10_TCTCGAA.fastq.gz	Col_0_B_R2
/scratch-cbe/users/pierre.bourguet/tagseq_05_index_2_only/demultiplex_merged/C10_ATCAGGC.fastq.gz	ddm1_2_h2az_1_R2
/scratch-cbe/users/pierre.bourguet/tagseq_05_index_2_only/demultiplex_merged/H9_AACGGTG.fastq.gz	ros1_3_R1
/scratch-cbe/users/pierre.bourguet/tagseq_05_index_2_only/demultiplex_merged/D8_CGTTGAA.fastq.gz	CMT3_CD_in_h2aw_cmt3_R3
/scratch-cbe/users/pierre.bourguet/tagseq_05_index_2_only/demultiplex_merged/G2_AGCTCAA.fastq.gz	Col_0_A_R1
/scratch-cbe/users/pierre.bourguet/tagseq_05_index_2_only/demultiplex_merged/G7_AAGCCTT.fastq.gz	CMT3_WT_in_h2aw_cmt3_R1
/scratch-cbe/users/pierre.bourguet/tagseq_05_index_2_only/demultiplex_merged/H1_ATCTGTC.fastq.gz	ddm1_2_G2_R1
/scratch-cbe/users/pierre.bourguet/tagseq_05_index_2_only/demultiplex_merged/E1_AGCACTG.fastq.gz	ddm1_3_37_null_G1_R3
/scratch-cbe/users/pierre.bourguet/tagseq_05_index_2_only/demultiplex_merged/A7_CATGAAC.fastq.gz	h2aw_2_cmt3_R1
/scratch-cbe/users/pierre.bourguet/tagseq_05_index_2_only/demultiplex_merged/D1_TCTTCGA.fastq.gz	ddm1_dCBD_G1_R2
/scratch-cbe/users/pierre.bourguet/tagseq_05_index_2_only/demultiplex_merged/F10_ACGCTAT.fastq.gz	ddm1_2_R1
/scratch-cbe/users/pierre.bourguet/tagseq_05_index_2_only/demultiplex_merged/F7_AAGGTAC.fastq.gz	CMT3_CD_in_cmt3_R1
/scratch-cbe/users/pierre.bourguet/tagseq_05_index_2_only/demultiplex_merged/F5_CATGCTG.fastq.gz	ddm1_bmi1a_1b_R2
/scratch-cbe/users/pierre.bourguet/tagseq_05_index_2_only/demultiplex_merged/E2_TGCACAA.fastq.gz	ros1_3_R2
/scratch-cbe/users/pierre.bourguet/tagseq_05_index_2_only/demultiplex_merged/H6_CTACAAG.fastq.gz	h2aw_2_cmt3_R2
/scratch-cbe/users/pierre.bourguet/tagseq_05_index_2_only/demultiplex_merged/E9_CTGATGG.fastq.gz	ddm1_2_h2az_2_R1
/scratch-cbe/users/pierre.bourguet/tagseq_05_index_2_only/demultiplex_merged/F1_AGTGCGT.fastq.gz	ddm1_3_37_d12bp_O2_G2_R1
/scratch-cbe/users/pierre.bourguet/tagseq_05_index_2_only/demultiplex_merged/E5_ATGCCAA.fastq.gz	ddm1_ring1a_1b_R1
/scratch-cbe/users/pierre.bourguet/tagseq_05_index_2_only/demultiplex_merged/G8_AACAGCT.fastq.gz	Col_0_B_R3
/scratch-cbe/users/pierre.bourguet/tagseq_05_index_2_only/demultiplex_merged/A4_CCTAAGG.fastq.gz	ddm1_ring1a_1b_R2
/scratch-cbe/users/pierre.bourguet/tagseq_05_index_2_only/demultiplex_merged/D10_CGGATTA.fastq.gz	ddm1_2_h2az_2_R2
/scratch-cbe/users/pierre.bourguet/tagseq_05_index_2_only/demultiplex_merged/H4_GCCTACA.fastq.gz	ddm1_3_37_d12bp_O2_G2_R2
/scratch-cbe/users/pierre.bourguet/tagseq_05_index_2_only/demultiplex_merged/C1_ACACGTG.fastq.gz	ddm1_dNBD_new_null_G1_R2
/scratch-cbe/users/pierre.bourguet/tagseq_05_index_2_only/demultiplex_merged/D7_AGGCGTT.fastq.gz	CMT3_WT_in_cmt3_R2
/scratch-cbe/users/pierre.bourguet/tagseq_05_index_2_only/demultiplex_merged/F4_CTTACGG.fastq.gz	ddm1_dCBD_G1_R3
/scratch-cbe/users/pierre.bourguet/tagseq_05_index_2_only/demultiplex_merged/F2_CGTAACT.fastq.gz	ddm1_ros1_3_R1
/scratch-cbe/users/pierre.bourguet/tagseq_05_index_2_only/demultiplex_merged/C4_GCTGAAT.fastq.gz	Col_0_A_R2
/scratch-cbe/users/pierre.bourguet/tagseq_05_index_2_only/demultiplex_merged/C7_GCAACTA.fastq.gz	CMT3_WT_in_cmt3_R3
/scratch-cbe/users/pierre.bourguet/tagseq_05_index_2_only/demultiplex_merged/C8_TTGCCAG.fastq.gz	CMT3_CD_in_h2aw_cmt3_R4
/scratch-cbe/users/pierre.bourguet/tagseq_05_index_2_only/demultiplex_merged/C2_GCAGTAG.fastq.gz	ddm1_ring1a_1b_R3
/scratch-cbe/users/pierre.bourguet/tagseq_05_index_2_only/demultiplex_merged/C11_CGAGTCT.fastq.gz	ddm1_2_h2az_2_R3
/scratch-cbe/users/pierre.bourguet/tagseq_05_index_2_only/demultiplex_merged/C5_CTAGTGC.fastq.gz	ring1a_1b_R1
/scratch-cbe/users/pierre.bourguet/tagseq_05_index_2_only/demultiplex_merged/G5_CTAAGCG.fastq.gz	WT_R2
/scratch-cbe/users/pierre.bourguet/tagseq_05_index_2_only/demultiplex_merged/F3_AGCTAGT.fastq.gz	ddm1_2_G2_R2
/scratch-cbe/users/pierre.bourguet/tagseq_05_index_2_only/demultiplex_merged/B11_GGCACTT.fastq.gz	ddm1_2_h2az_1_R3
/scratch-cbe/users/pierre.bourguet/tagseq_05_index_2_only/demultiplex_merged/B2_ATCTGCA.fastq.gz	bmi1a_1b_R1
/scratch-cbe/users/pierre.bourguet/tagseq_05_index_2_only/demultiplex_merged/A9_TGGAGCA.fastq.gz	ros1_3_R3
/scratch-cbe/users/pierre.bourguet/tagseq_05_index_2_only/demultiplex_merged/G10_TCGATAC.fastq.gz	ros1_3_R4
/scratch-cbe/users/pierre.bourguet/tagseq_05_index_2_only/demultiplex_merged/B5_CTGTGAG.fastq.gz	ddm1_2_G2_R3
/scratch-cbe/users/pierre.bourguet/tagseq_05_index_2_only/demultiplex_merged/A10_AGTCTCC.fastq.gz	ddm1_ros1_R2
/scratch-cbe/users/pierre.bourguet/tagseq_05_index_2_only/demultiplex_merged/E7_CGCTACA.fastq.gz	CMT3_CD_in_cmt3_R2
/scratch-cbe/users/pierre.bourguet/tagseq_05_index_2_only/demultiplex_merged/E3_GGAGACT.fastq.gz	ddm1_2_G1_R1
/scratch-cbe/users/pierre.bourguet/tagseq_05_index_2_only/demultiplex_merged/E6_CTACGTA.fastq.gz	cmt3_R1
/scratch-cbe/users/pierre.bourguet/tagseq_05_index_2_only/demultiplex_merged/D6_AGGCTAG.fastq.gz	cmt3_R2
/scratch-cbe/users/pierre.bourguet/tagseq_05_index_2_only/demultiplex_merged/D2_CAGTACG.fastq.gz	ddm1_bmi1a_1b_R3
/scratch-cbe/users/pierre.bourguet/tagseq_05_index_2_only/demultiplex_merged/D4_GAATAGC.fastq.gz	ddm1_dNBD_G1_R1
/scratch-cbe/users/pierre.bourguet/tagseq_05_index_2_only/demultiplex_merged/A5_TTCAAGC.fastq.gz	ddm1_2_G1_R2
/scratch-cbe/users/pierre.bourguet/tagseq_05_index_2_only/demultiplex_merged/A1_CTATTCG.fastq.gz	Col_0_A_R3
/scratch-cbe/users/pierre.bourguet/tagseq_05_index_2_only/demultiplex_merged/H3_TAGCGCA.fastq.gz	bmi1a_1b_R2
/scratch-cbe/users/pierre.bourguet/tagseq_05_index_2_only/demultiplex_merged/H8_TCACAAG.fastq.gz	ddm1_2_R2
/scratch-cbe/users/pierre.bourguet/tagseq_05_index_2_only/demultiplex_merged/C9_TTGCAGA.fastq.gz	h2az_R2
/scratch-cbe/users/pierre.bourguet/tagseq_05_index_2_only/demultiplex_merged/G6_GTAGTCT.fastq.gz	h2aw_2_cmt3_R3
/scratch-cbe/users/pierre.bourguet/tagseq_05_index_2_only/demultiplex_merged/H5_AGCCGAT.fastq.gz	WT_R3
/scratch-cbe/users/pierre.bourguet/tagseq_05_index_2_only/demultiplex_merged/C6_GTGCTAT.fastq.gz	cmt3_R3
/scratch-cbe/users/pierre.bourguet/tagseq_05_index_2_only/demultiplex_merged/F6_ATAGCGA.fastq.gz	h2aw_2_cmt3_R4
/scratch-cbe/users/pierre.bourguet/tagseq_05_index_2_only/demultiplex_merged/D5_CTTGCAG.fastq.gz	bmi1a_1b_R3
/scratch-cbe/users/pierre.bourguet/tagseq_05_index_2_only/demultiplex_merged/B9_CAATCGA.fastq.gz	ddm1_ros1_R3
/scratch-cbe/users/pierre.bourguet/tagseq_05_index_2_only/demultiplex_merged/B6_GATCACA.fastq.gz	cmt3_R4
/scratch-cbe/users/pierre.bourguet/tagseq_05_index_2_only/demultiplex_merged/G1_AACGTTC.fastq.gz	ddm1_2_G1_R3
/scratch-cbe/users/pierre.bourguet/tagseq_05_index_2_only/demultiplex_merged/G9_TACGAGG.fastq.gz	ddm1_2_R3
/scratch-cbe/users/pierre.bourguet/tagseq_05_index_2_only/demultiplex_merged/H7_CTACAGC.fastq.gz	CMT3_WT_in_h2aw_cmt3_R2
/scratch-cbe/users/pierre.bourguet/tagseq_05_index_2_only/demultiplex_merged/A8_CTTAGTG.fastq.gz	CMT3_WT_in_h2aw_cmt3_R3
/scratch-cbe/users/pierre.bourguet/tagseq_05_index_2_only/demultiplex_merged/G3_ACTTGGC.fastq.gz	ring1a_1b_R2
/scratch-cbe/users/pierre.bourguet/tagseq_05_index_2_only/demultiplex_merged/H2_ATAACCG.fastq.gz	ddm1_dNBD_G1_R2
/scratch-cbe/users/pierre.bourguet/tagseq_05_index_2_only/demultiplex_merged/E4_ACTGCAG.fastq.gz	ddm1_dNBD_new_null_G1_R3
/scratch-cbe/users/pierre.bourguet/tagseq_05_index_2_only/demultiplex_merged/A2_GTATGCG.fastq.gz	ring1a_1b_R3
/scratch-cbe/users/pierre.bourguet/tagseq_05_index_2_only/demultiplex_merged/A11_GCTTCAT.fastq.gz	h2az_R3
/scratch-cbe/users/pierre.bourguet/tagseq_05_index_2_only/demultiplex_merged/B8_GGCTAGA.fastq.gz	CMT3_CD_in_h2aw_cmt3_R5
/scratch-cbe/users/pierre.bourguet/tagseq_05_index_2_only/demultiplex_merged/B1_ACTCAGG.fastq.gz	ddm1_dNBD_G1_R3
/scratch-cbe/users/pierre.bourguet/tagseq_05_index_2_only/demultiplex_merged/D3_TACCAGT.fastq.gz	ddm1_3_37_d12bp_O2_G2_R3
