/scratch-cbe/users/pierre.bourguet/tagseq_07_remodelers/demultiplex_merged/A6_CGCTTGA.fastq.gz	ddm1_G3_R1
/scratch-cbe/users/pierre.bourguet/tagseq_07_remodelers/demultiplex_merged/B6_GATCACA.fastq.gz	ddm1_G3_R2
/scratch-cbe/users/pierre.bourguet/tagseq_07_remodelers/demultiplex_merged/C6_GTGCTAT.fastq.gz	ddm1_G3_R3
/scratch-cbe/users/pierre.bourguet/tagseq_07_remodelers/demultiplex_merged/D6_AGGCTAG.fastq.gz	mom1_R1
/scratch-cbe/users/pierre.bourguet/tagseq_07_remodelers/demultiplex_merged/E6_CTACGTA.fastq.gz	mom1_R2
/scratch-cbe/users/pierre.bourguet/tagseq_07_remodelers/demultiplex_merged/F6_ATAGCGA.fastq.gz	mom1_R3
/scratch-cbe/users/pierre.bourguet/tagseq_07_remodelers/demultiplex_merged/G6_GTAGTCT.fastq.gz	chr11_17_R1
/scratch-cbe/users/pierre.bourguet/tagseq_07_remodelers/demultiplex_merged/H6_CTACAAG.fastq.gz	chr11_17_R2
/scratch-cbe/users/pierre.bourguet/tagseq_07_remodelers/demultiplex_merged/A7_CATGAAC.fastq.gz	chr11_17_R3
/scratch-cbe/users/pierre.bourguet/tagseq_07_remodelers/demultiplex_merged/B7_TACTAGC.fastq.gz	Col_R1
/scratch-cbe/users/pierre.bourguet/tagseq_07_remodelers/demultiplex_merged/C7_GCAACTA.fastq.gz	Col_R2
/scratch-cbe/users/pierre.bourguet/tagseq_07_remodelers/demultiplex_merged/D7_AGGCGTT.fastq.gz	Col_R3
/scratch-cbe/users/pierre.bourguet/tagseq_07_remodelers/demultiplex_merged/E7_CGCTACA.fastq.gz	chr19_R1
/scratch-cbe/users/pierre.bourguet/tagseq_07_remodelers/demultiplex_merged/F7_AAGGTAC.fastq.gz	chr19_R2
/scratch-cbe/users/pierre.bourguet/tagseq_07_remodelers/demultiplex_merged/G7_AAGCCTT.fastq.gz	chr19_R3
/scratch-cbe/users/pierre.bourguet/tagseq_07_remodelers/demultiplex_merged/H7_CTACAGC.fastq.gz	mom1_ddm1_R1
/scratch-cbe/users/pierre.bourguet/tagseq_07_remodelers/demultiplex_merged/A8_CTTAGTG.fastq.gz	mom1_ddm1_R2
/scratch-cbe/users/pierre.bourguet/tagseq_07_remodelers/demultiplex_merged/B8_GGCTAGA.fastq.gz	mom1_ddm1_R3
/scratch-cbe/users/pierre.bourguet/tagseq_07_remodelers/demultiplex_merged/C8_TTGCCAG.fastq.gz	ddm1_chr11_17_R1
/scratch-cbe/users/pierre.bourguet/tagseq_07_remodelers/demultiplex_merged/D8_CGTTGAA.fastq.gz	ddm1_chr11_17_R2
/scratch-cbe/users/pierre.bourguet/tagseq_07_remodelers/demultiplex_merged/E8_TCGAAGG.fastq.gz	ddm1_chr11_17_R3
/scratch-cbe/users/pierre.bourguet/tagseq_07_remodelers/demultiplex_merged/F8_TATAGGC.fastq.gz	ddm1_chr19_R1
/scratch-cbe/users/pierre.bourguet/tagseq_07_remodelers/demultiplex_merged/G8_AACAGCT.fastq.gz	ddm1_chr19_R2
/scratch-cbe/users/pierre.bourguet/tagseq_07_remodelers/demultiplex_merged/H8_TCACAAG.fastq.gz	ddm1_chr19_R3
/scratch-cbe/users/pierre.bourguet/tagseq_07_remodelers/demultiplex_merged/A9_TGGAGCA.fastq.gz	mom1_chr19_R1
/scratch-cbe/users/pierre.bourguet/tagseq_07_remodelers/demultiplex_merged/B9_CAATCGA.fastq.gz	mom1_chr19_R2
/scratch-cbe/users/pierre.bourguet/tagseq_07_remodelers/demultiplex_merged/C9_TTGCAGA.fastq.gz	mom1_chr19_R3
/scratch-cbe/users/pierre.bourguet/tagseq_07_remodelers/demultiplex_merged/D9_ACCGATC.fastq.gz	mom1_chr11_17_R1
/scratch-cbe/users/pierre.bourguet/tagseq_07_remodelers/demultiplex_merged/E9_CTGATGG.fastq.gz	mom1_chr11_17_R2
/scratch-cbe/users/pierre.bourguet/tagseq_07_remodelers/demultiplex_merged/F9_GCTTAGA.fastq.gz	mom1_chr11_17_R3
