/scratch-cbe/users/pierre.bourguet/3_prime_tag_seq_demultiplexed/A10_CTGAT.fastq	15978	A10_CTGAT
/scratch-cbe/users/pierre.bourguet/3_prime_tag_seq_demultiplexed/A11_GCTTC.fastq	15978	A11_GCTTC
/scratch-cbe/users/pierre.bourguet/3_prime_tag_seq_demultiplexed/A1_CAGTG.fastq	15978	A1_CAGTG
/scratch-cbe/users/pierre.bourguet/3_prime_tag_seq_demultiplexed/A2_AGCAA.fastq	15978	A2_AGCAA
/scratch-cbe/users/pierre.bourguet/3_prime_tag_seq_demultiplexed/A3_GGTAT.fastq	15978	A3_GGTAT
/scratch-cbe/users/pierre.bourguet/3_prime_tag_seq_demultiplexed/A4_TACCA.fastq	15978	A4_TACCA
/scratch-cbe/users/pierre.bourguet/3_prime_tag_seq_demultiplexed/A5_GTCAG.fastq	15978	A5_GTCAG
/scratch-cbe/users/pierre.bourguet/3_prime_tag_seq_demultiplexed/A6_TGACT.fastq	15978	A6_TGACT
/scratch-cbe/users/pierre.bourguet/3_prime_tag_seq_demultiplexed/A7_ATGGA.fastq	15978	A7_ATGGA
/scratch-cbe/users/pierre.bourguet/3_prime_tag_seq_demultiplexed/A8_GAACG.fastq	15978	A8_GAACG
/scratch-cbe/users/pierre.bourguet/3_prime_tag_seq_demultiplexed/A9_ACGAG.fastq	15978	A9_ACGAG
/scratch-cbe/users/pierre.bourguet/3_prime_tag_seq_demultiplexed/B10_GACAC.fastq	15978	B10_GACAC
/scratch-cbe/users/pierre.bourguet/3_prime_tag_seq_demultiplexed/B11_GGCAC.fastq	15978	B11_GGCAC
/scratch-cbe/users/pierre.bourguet/3_prime_tag_seq_demultiplexed/B1_ACTCA.fastq	15978	B1_ACTCA
/scratch-cbe/users/pierre.bourguet/3_prime_tag_seq_demultiplexed/B2_ATCTG.fastq	15978	B2_ATCTG
/scratch-cbe/users/pierre.bourguet/3_prime_tag_seq_demultiplexed/B3_TTCCT.fastq	15978	B3_TTCCT
/scratch-cbe/users/pierre.bourguet/3_prime_tag_seq_demultiplexed/B4_GGCGA.fastq	15978	B4_GGCGA
/scratch-cbe/users/pierre.bourguet/3_prime_tag_seq_demultiplexed/B5_CTGTG.fastq	15978	B5_CTGTG
/scratch-cbe/users/pierre.bourguet/3_prime_tag_seq_demultiplexed/B6_GATCA.fastq	15978	B6_GATCA
/scratch-cbe/users/pierre.bourguet/3_prime_tag_seq_demultiplexed/B7_TACTA.fastq	15978	B7_TACTA
/scratch-cbe/users/pierre.bourguet/3_prime_tag_seq_demultiplexed/B8_GGCTA.fastq	15978	B8_GGCTA
/scratch-cbe/users/pierre.bourguet/3_prime_tag_seq_demultiplexed/B9_CAATC.fastq	15978	B9_CAATC
/scratch-cbe/users/pierre.bourguet/3_prime_tag_seq_demultiplexed/C10_ATCAG.fastq	15978	C10_ATCAG
/scratch-cbe/users/pierre.bourguet/3_prime_tag_seq_demultiplexed/C1_ACACG.fastq	15978	C1_ACACG
/scratch-cbe/users/pierre.bourguet/3_prime_tag_seq_demultiplexed/C2_GCAGT.fastq	15978	C2_GCAGT
/scratch-cbe/users/pierre.bourguet/3_prime_tag_seq_demultiplexed/C3_GGATC.fastq	15978	C3_GGATC
/scratch-cbe/users/pierre.bourguet/3_prime_tag_seq_demultiplexed/C4_GCTGA.fastq	15978	C4_GCTGA
/scratch-cbe/users/pierre.bourguet/3_prime_tag_seq_demultiplexed/C5_CTAGT.fastq	15978	C5_CTAGT
/scratch-cbe/users/pierre.bourguet/3_prime_tag_seq_demultiplexed/C6_GTGCT.fastq	15978	C6_GTGCT
/scratch-cbe/users/pierre.bourguet/3_prime_tag_seq_demultiplexed/C7_GCAAC.fastq	15978	C7_GCAAC
/scratch-cbe/users/pierre.bourguet/3_prime_tag_seq_demultiplexed/C8_TTGCC.fastq	15978	C8_TTGCC
/scratch-cbe/users/pierre.bourguet/3_prime_tag_seq_demultiplexed/C9_TTGCA.fastq	15978	C9_TTGCA
/scratch-cbe/users/pierre.bourguet/3_prime_tag_seq_demultiplexed/D10_CGGAT.fastq	15978	D10_CGGAT
/scratch-cbe/users/pierre.bourguet/3_prime_tag_seq_demultiplexed/D1_TCTTC.fastq	15978	D1_TCTTC
/scratch-cbe/users/pierre.bourguet/3_prime_tag_seq_demultiplexed/D2_CAGTA.fastq	15978	D2_CAGTA
/scratch-cbe/users/pierre.bourguet/3_prime_tag_seq_demultiplexed/D3_TACCT.fastq	15978	D3_TACCT
/scratch-cbe/users/pierre.bourguet/3_prime_tag_seq_demultiplexed/D4_GAATA.fastq	15978	D4_GAATA
/scratch-cbe/users/pierre.bourguet/3_prime_tag_seq_demultiplexed/D5_CTTGC.fastq	15978	D5_CTTGC
/scratch-cbe/users/pierre.bourguet/3_prime_tag_seq_demultiplexed/D6_AGGCT.fastq	15978	D6_AGGCT
/scratch-cbe/users/pierre.bourguet/3_prime_tag_seq_demultiplexed/D7_AGGCG.fastq	15978	D7_AGGCG
/scratch-cbe/users/pierre.bourguet/3_prime_tag_seq_demultiplexed/D8_CGTTG.fastq	15978	D8_CGTTG
/scratch-cbe/users/pierre.bourguet/3_prime_tag_seq_demultiplexed/D9_ACCGA.fastq	15978	D9_ACCGA
/scratch-cbe/users/pierre.bourguet/3_prime_tag_seq_demultiplexed/E10_TCTCG.fastq	15978	E10_TCTCG
/scratch-cbe/users/pierre.bourguet/3_prime_tag_seq_demultiplexed/E1_AGCAC.fastq	15978	E1_AGCAC
/scratch-cbe/users/pierre.bourguet/3_prime_tag_seq_demultiplexed/E2_TGCAC.fastq	15978	E2_TGCAC
/scratch-cbe/users/pierre.bourguet/3_prime_tag_seq_demultiplexed/E3_GGAGA.fastq	15978	E3_GGAGA
/scratch-cbe/users/pierre.bourguet/3_prime_tag_seq_demultiplexed/E4_ACTGC.fastq	15978	E4_ACTGC
/scratch-cbe/users/pierre.bourguet/3_prime_tag_seq_demultiplexed/E5_ATGCC.fastq	15978	E5_ATGCC
/scratch-cbe/users/pierre.bourguet/3_prime_tag_seq_demultiplexed/E6_CTACG.fastq	15978	E6_CTACG
/scratch-cbe/users/pierre.bourguet/3_prime_tag_seq_demultiplexed/E7_CGCTA.fastq	15978	E7_CGCTA
/scratch-cbe/users/pierre.bourguet/3_prime_tag_seq_demultiplexed/E8_TCGAA.fastq	15978	E8_TCGAA
/scratch-cbe/users/pierre.bourguet/3_prime_tag_seq_demultiplexed/E9_GGGAT.fastq	15978	E9_GGGAT
/scratch-cbe/users/pierre.bourguet/3_prime_tag_seq_demultiplexed/F10_ACGCT.fastq	15978	F10_ACGCT
/scratch-cbe/users/pierre.bourguet/3_prime_tag_seq_demultiplexed/F1_AGTGC.fastq	15978	F1_AGTGC
/scratch-cbe/users/pierre.bourguet/3_prime_tag_seq_demultiplexed/F2_CGTAA.fastq	15978	F2_CGTAA
/scratch-cbe/users/pierre.bourguet/3_prime_tag_seq_demultiplexed/F3_AGCTA.fastq	15978	F3_AGCTA
/scratch-cbe/users/pierre.bourguet/3_prime_tag_seq_demultiplexed/F4_CTTAC.fastq	15978	F4_CTTAC
/scratch-cbe/users/pierre.bourguet/3_prime_tag_seq_demultiplexed/F5_CATGC.fastq	15978	F5_CATGC
/scratch-cbe/users/pierre.bourguet/3_prime_tag_seq_demultiplexed/F6_ATAGC.fastq	15978	F6_ATAGC
/scratch-cbe/users/pierre.bourguet/3_prime_tag_seq_demultiplexed/F7_AAGGT.fastq	15978	F7_AAGGT
/scratch-cbe/users/pierre.bourguet/3_prime_tag_seq_demultiplexed/F8_TATAG.fastq	15978	F8_TATAG
/scratch-cbe/users/pierre.bourguet/3_prime_tag_seq_demultiplexed/F9_GCTTA.fastq	15978	F9_GCTTA
/scratch-cbe/users/pierre.bourguet/3_prime_tag_seq_demultiplexed/G10_TCGAT.fastq	15978	G10_TCGAT
/scratch-cbe/users/pierre.bourguet/3_prime_tag_seq_demultiplexed/G1_AACGT.fastq	15978	G1_AACGT
/scratch-cbe/users/pierre.bourguet/3_prime_tag_seq_demultiplexed/G2_AGCTC.fastq	15978	G2_AGCTC
/scratch-cbe/users/pierre.bourguet/3_prime_tag_seq_demultiplexed/G3_ACTTG.fastq	15978	G3_ACTTG
/scratch-cbe/users/pierre.bourguet/3_prime_tag_seq_demultiplexed/G4_CGCAT.fastq	15978	G4_CGCAT
/scratch-cbe/users/pierre.bourguet/3_prime_tag_seq_demultiplexed/G5_CTAAG.fastq	15978	G5_CTAAG
/scratch-cbe/users/pierre.bourguet/3_prime_tag_seq_demultiplexed/G6_GTAGT.fastq	15978	G6_GTAGT
/scratch-cbe/users/pierre.bourguet/3_prime_tag_seq_demultiplexed/G7_AAGCC.fastq	15978	G7_AAGCC
/scratch-cbe/users/pierre.bourguet/3_prime_tag_seq_demultiplexed/G8_AACAG.fastq	15978	G8_AACAG
/scratch-cbe/users/pierre.bourguet/3_prime_tag_seq_demultiplexed/G9_TAAAA.fastq	15978	G9_TAAAA
/scratch-cbe/users/pierre.bourguet/3_prime_tag_seq_demultiplexed/H10_TGACG.fastq	15978	H10_TGACG
/scratch-cbe/users/pierre.bourguet/3_prime_tag_seq_demultiplexed/H2_ATAAC.fastq	15978	H2_ATAAC
/scratch-cbe/users/pierre.bourguet/3_prime_tag_seq_demultiplexed/H3_TAGCG.fastq	15978	H3_TAGCG
/scratch-cbe/users/pierre.bourguet/3_prime_tag_seq_demultiplexed/H4_GCCTA.fastq	15978	H4_GCCTA
/scratch-cbe/users/pierre.bourguet/3_prime_tag_seq_demultiplexed/H5_AGCCG.fastq	15978	H5_AGCCG
/scratch-cbe/users/pierre.bourguet/3_prime_tag_seq_demultiplexed/H7_CTACA.fastq	15978	H7_CTACA
/scratch-cbe/users/pierre.bourguet/3_prime_tag_seq_demultiplexed/H8_TCACA.fastq	15978	H8_TCACA
/scratch-cbe/users/pierre.bourguet/3_prime_tag_seq_demultiplexed/H9_AACGG.fastq	15978	H9_AACGG
