/scratch-cbe/users/pierre.bourguet/3_prime_tag_seq_demultiplexed_barcodes_from_yoav_try3/A10_AGTCTCC.fastq	15978	A10_AGTCTCC
/scratch-cbe/users/pierre.bourguet/3_prime_tag_seq_demultiplexed_barcodes_from_yoav_try3/A11_GCTTCAT.fastq	15978	A11_GCTTCAT
/scratch-cbe/users/pierre.bourguet/3_prime_tag_seq_demultiplexed_barcodes_from_yoav_try3/A1_CTATTCG.fastq	15978	A1_CTATTCG
/scratch-cbe/users/pierre.bourguet/3_prime_tag_seq_demultiplexed_barcodes_from_yoav_try3/A2_GTATGCG.fastq	15978	A2_GTATGCG
/scratch-cbe/users/pierre.bourguet/3_prime_tag_seq_demultiplexed_barcodes_from_yoav_try3/A3_TGTCACG.fastq	15978	A3_TGTCACG
/scratch-cbe/users/pierre.bourguet/3_prime_tag_seq_demultiplexed_barcodes_from_yoav_try3/A4_CCTAAGG.fastq	15978	A4_CCTAAGG
/scratch-cbe/users/pierre.bourguet/3_prime_tag_seq_demultiplexed_barcodes_from_yoav_try3/A5_TTCAAGC.fastq	15978	A5_TTCAAGC
/scratch-cbe/users/pierre.bourguet/3_prime_tag_seq_demultiplexed_barcodes_from_yoav_try3/A6_CGCTTGA.fastq	15978	A6_CGCTTGA
/scratch-cbe/users/pierre.bourguet/3_prime_tag_seq_demultiplexed_barcodes_from_yoav_try3/A7_CATGAAC.fastq	15978	A7_CATGAAC
/scratch-cbe/users/pierre.bourguet/3_prime_tag_seq_demultiplexed_barcodes_from_yoav_try3/A8_CTTAGTG.fastq	15978	A8_CTTAGTG
/scratch-cbe/users/pierre.bourguet/3_prime_tag_seq_demultiplexed_barcodes_from_yoav_try3/A9_TGGAGCA.fastq	15978	A9_TGGAGCA
/scratch-cbe/users/pierre.bourguet/3_prime_tag_seq_demultiplexed_barcodes_from_yoav_try3/B10_GACACTG.fastq	15978	B10_GACACTG
/scratch-cbe/users/pierre.bourguet/3_prime_tag_seq_demultiplexed_barcodes_from_yoav_try3/B11_GGCACTT.fastq	15978	B11_GGCACTT
/scratch-cbe/users/pierre.bourguet/3_prime_tag_seq_demultiplexed_barcodes_from_yoav_try3/B1_ACTCAGG.fastq	15978	B1_ACTCAGG
/scratch-cbe/users/pierre.bourguet/3_prime_tag_seq_demultiplexed_barcodes_from_yoav_try3/B2_ATCTGCA.fastq	15978	B2_ATCTGCA
/scratch-cbe/users/pierre.bourguet/3_prime_tag_seq_demultiplexed_barcodes_from_yoav_try3/B3_TTCCTGA.fastq	15978	B3_TTCCTGA
/scratch-cbe/users/pierre.bourguet/3_prime_tag_seq_demultiplexed_barcodes_from_yoav_try3/B4_GGCGATT.fastq	15978	B4_GGCGATT
/scratch-cbe/users/pierre.bourguet/3_prime_tag_seq_demultiplexed_barcodes_from_yoav_try3/B5_CTGTGAG.fastq	15978	B5_CTGTGAG
/scratch-cbe/users/pierre.bourguet/3_prime_tag_seq_demultiplexed_barcodes_from_yoav_try3/B6_GATCACA.fastq	15978	B6_GATCACA
/scratch-cbe/users/pierre.bourguet/3_prime_tag_seq_demultiplexed_barcodes_from_yoav_try3/B7_TACTAGC.fastq	15978	B7_TACTAGC
/scratch-cbe/users/pierre.bourguet/3_prime_tag_seq_demultiplexed_barcodes_from_yoav_try3/B8_GGCTAGA.fastq	15978	B8_GGCTAGA
/scratch-cbe/users/pierre.bourguet/3_prime_tag_seq_demultiplexed_barcodes_from_yoav_try3/B9_CAATCGA.fastq	15978	B9_CAATCGA
/scratch-cbe/users/pierre.bourguet/3_prime_tag_seq_demultiplexed_barcodes_from_yoav_try3/C10_ATCAGGC.fastq	15978	C10_ATCAGGC
/scratch-cbe/users/pierre.bourguet/3_prime_tag_seq_demultiplexed_barcodes_from_yoav_try3/C1_ACACGTG.fastq	15978	C1_ACACGTG
/scratch-cbe/users/pierre.bourguet/3_prime_tag_seq_demultiplexed_barcodes_from_yoav_try3/C2_GCAGTAG.fastq	15978	C2_GCAGTAG
/scratch-cbe/users/pierre.bourguet/3_prime_tag_seq_demultiplexed_barcodes_from_yoav_try3/C3_GGATCTA.fastq	15978	C3_GGATCTA
/scratch-cbe/users/pierre.bourguet/3_prime_tag_seq_demultiplexed_barcodes_from_yoav_try3/C4_GCTGAAT.fastq	15978	C4_GCTGAAT
/scratch-cbe/users/pierre.bourguet/3_prime_tag_seq_demultiplexed_barcodes_from_yoav_try3/C5_CTAGTGC.fastq	15978	C5_CTAGTGC
/scratch-cbe/users/pierre.bourguet/3_prime_tag_seq_demultiplexed_barcodes_from_yoav_try3/C6_GTGCTAT.fastq	15978	C6_GTGCTAT
/scratch-cbe/users/pierre.bourguet/3_prime_tag_seq_demultiplexed_barcodes_from_yoav_try3/C7_GCAACTA.fastq	15978	C7_GCAACTA
/scratch-cbe/users/pierre.bourguet/3_prime_tag_seq_demultiplexed_barcodes_from_yoav_try3/C8_TTGCCAG.fastq	15978	C8_TTGCCAG
/scratch-cbe/users/pierre.bourguet/3_prime_tag_seq_demultiplexed_barcodes_from_yoav_try3/C9_TTGCAGA.fastq	15978	C9_TTGCAGA
/scratch-cbe/users/pierre.bourguet/3_prime_tag_seq_demultiplexed_barcodes_from_yoav_try3/D10_CGGATTA.fastq	15978	D10_CGGATTA
/scratch-cbe/users/pierre.bourguet/3_prime_tag_seq_demultiplexed_barcodes_from_yoav_try3/D1_TCTTCGA.fastq	15978	D1_TCTTCGA
/scratch-cbe/users/pierre.bourguet/3_prime_tag_seq_demultiplexed_barcodes_from_yoav_try3/D2_CAGTACG.fastq	15978	D2_CAGTACG
/scratch-cbe/users/pierre.bourguet/3_prime_tag_seq_demultiplexed_barcodes_from_yoav_try3/D3_TACCAGT.fastq	15978	D3_TACCAGT
/scratch-cbe/users/pierre.bourguet/3_prime_tag_seq_demultiplexed_barcodes_from_yoav_try3/D4_GAATAGC.fastq	15978	D4_GAATAGC
/scratch-cbe/users/pierre.bourguet/3_prime_tag_seq_demultiplexed_barcodes_from_yoav_try3/D5_CTTGCAG.fastq	15978	D5_CTTGCAG
/scratch-cbe/users/pierre.bourguet/3_prime_tag_seq_demultiplexed_barcodes_from_yoav_try3/D6_AGGCTAG.fastq	15978	D6_AGGCTAG
/scratch-cbe/users/pierre.bourguet/3_prime_tag_seq_demultiplexed_barcodes_from_yoav_try3/D7_AGGCGTT.fastq	15978	D7_AGGCGTT
/scratch-cbe/users/pierre.bourguet/3_prime_tag_seq_demultiplexed_barcodes_from_yoav_try3/D8_CGTTGAA.fastq	15978	D8_CGTTGAA
/scratch-cbe/users/pierre.bourguet/3_prime_tag_seq_demultiplexed_barcodes_from_yoav_try3/D9_ACCGATC.fastq	15978	D9_ACCGATC
/scratch-cbe/users/pierre.bourguet/3_prime_tag_seq_demultiplexed_barcodes_from_yoav_try3/E10_TCTCGAA.fastq	15978	E10_TCTCGAA
/scratch-cbe/users/pierre.bourguet/3_prime_tag_seq_demultiplexed_barcodes_from_yoav_try3/E1_AGCACTG.fastq	15978	E1_AGCACTG
/scratch-cbe/users/pierre.bourguet/3_prime_tag_seq_demultiplexed_barcodes_from_yoav_try3/E2_TGCACAA.fastq	15978	E2_TGCACAA
/scratch-cbe/users/pierre.bourguet/3_prime_tag_seq_demultiplexed_barcodes_from_yoav_try3/E3_GGAGACT.fastq	15978	E3_GGAGACT
/scratch-cbe/users/pierre.bourguet/3_prime_tag_seq_demultiplexed_barcodes_from_yoav_try3/E4_ACTGCAG.fastq	15978	E4_ACTGCAG
/scratch-cbe/users/pierre.bourguet/3_prime_tag_seq_demultiplexed_barcodes_from_yoav_try3/E5_ATGCCAA.fastq	15978	E5_ATGCCAA
/scratch-cbe/users/pierre.bourguet/3_prime_tag_seq_demultiplexed_barcodes_from_yoav_try3/E6_CTACGTA.fastq	15978	E6_CTACGTA
/scratch-cbe/users/pierre.bourguet/3_prime_tag_seq_demultiplexed_barcodes_from_yoav_try3/E7_CGCTACA.fastq	15978	E7_CGCTACA
/scratch-cbe/users/pierre.bourguet/3_prime_tag_seq_demultiplexed_barcodes_from_yoav_try3/E8_TCGAAGG.fastq	15978	E8_TCGAAGG
/scratch-cbe/users/pierre.bourguet/3_prime_tag_seq_demultiplexed_barcodes_from_yoav_try3/E9_CTGATGG.fastq	15978	E9_CTGATGG
/scratch-cbe/users/pierre.bourguet/3_prime_tag_seq_demultiplexed_barcodes_from_yoav_try3/F10_ACGCTAT.fastq	15978	F10_ACGCTAT
/scratch-cbe/users/pierre.bourguet/3_prime_tag_seq_demultiplexed_barcodes_from_yoav_try3/F1_AGTGCGT.fastq	15978	F1_AGTGCGT
/scratch-cbe/users/pierre.bourguet/3_prime_tag_seq_demultiplexed_barcodes_from_yoav_try3/F2_CGTAACT.fastq	15978	F2_CGTAACT
/scratch-cbe/users/pierre.bourguet/3_prime_tag_seq_demultiplexed_barcodes_from_yoav_try3/F3_AGCTAGT.fastq	15978	F3_AGCTAGT
/scratch-cbe/users/pierre.bourguet/3_prime_tag_seq_demultiplexed_barcodes_from_yoav_try3/F4_CTTACGG.fastq	15978	F4_CTTACGG
/scratch-cbe/users/pierre.bourguet/3_prime_tag_seq_demultiplexed_barcodes_from_yoav_try3/F5_CATGCTG.fastq	15978	F5_CATGCTG
/scratch-cbe/users/pierre.bourguet/3_prime_tag_seq_demultiplexed_barcodes_from_yoav_try3/F6_ATAGCGA.fastq	15978	F6_ATAGCGA
/scratch-cbe/users/pierre.bourguet/3_prime_tag_seq_demultiplexed_barcodes_from_yoav_try3/F7_AAGGTAC.fastq	15978	F7_AAGGTAC
/scratch-cbe/users/pierre.bourguet/3_prime_tag_seq_demultiplexed_barcodes_from_yoav_try3/F8_TATAGGC.fastq	15978	F8_TATAGGC
/scratch-cbe/users/pierre.bourguet/3_prime_tag_seq_demultiplexed_barcodes_from_yoav_try3/F9_GCTTAGA.fastq	15978	F9_GCTTAGA
/scratch-cbe/users/pierre.bourguet/3_prime_tag_seq_demultiplexed_barcodes_from_yoav_try3/G10_TCGATAC.fastq	15978	G10_TCGATAC
/scratch-cbe/users/pierre.bourguet/3_prime_tag_seq_demultiplexed_barcodes_from_yoav_try3/G1_AACGTTC.fastq	15978	G1_AACGTTC
/scratch-cbe/users/pierre.bourguet/3_prime_tag_seq_demultiplexed_barcodes_from_yoav_try3/G2_AGCTCAA.fastq	15978	G2_AGCTCAA
/scratch-cbe/users/pierre.bourguet/3_prime_tag_seq_demultiplexed_barcodes_from_yoav_try3/G3_ACTTGGC.fastq	15978	G3_ACTTGGC
/scratch-cbe/users/pierre.bourguet/3_prime_tag_seq_demultiplexed_barcodes_from_yoav_try3/G4_CGCATAT.fastq	15978	G4_CGCATAT
/scratch-cbe/users/pierre.bourguet/3_prime_tag_seq_demultiplexed_barcodes_from_yoav_try3/G5_CTAAGCG.fastq	15978	G5_CTAAGCG
/scratch-cbe/users/pierre.bourguet/3_prime_tag_seq_demultiplexed_barcodes_from_yoav_try3/G6_GTAGTCT.fastq	15978	G6_GTAGTCT
/scratch-cbe/users/pierre.bourguet/3_prime_tag_seq_demultiplexed_barcodes_from_yoav_try3/G7_AAGCCTT.fastq	15978	G7_AAGCCTT
/scratch-cbe/users/pierre.bourguet/3_prime_tag_seq_demultiplexed_barcodes_from_yoav_try3/G8_AACAGCT.fastq	15978	G8_AACAGCT
/scratch-cbe/users/pierre.bourguet/3_prime_tag_seq_demultiplexed_barcodes_from_yoav_try3/G9_TACGAGG.fastq	15978	G9_TACGAGG
/scratch-cbe/users/pierre.bourguet/3_prime_tag_seq_demultiplexed_barcodes_from_yoav_try3/H10_TGACGGA.fastq	15978	H10_TGACGGA
/scratch-cbe/users/pierre.bourguet/3_prime_tag_seq_demultiplexed_barcodes_from_yoav_try3/H1_ATCTGTC.fastq	15978	H1_ATCTGTC
/scratch-cbe/users/pierre.bourguet/3_prime_tag_seq_demultiplexed_barcodes_from_yoav_try3/H2_ATAACCG.fastq	15978	H2_ATAACCG
/scratch-cbe/users/pierre.bourguet/3_prime_tag_seq_demultiplexed_barcodes_from_yoav_try3/H3_TAGCGCA.fastq	15978	H3_TAGCGCA
/scratch-cbe/users/pierre.bourguet/3_prime_tag_seq_demultiplexed_barcodes_from_yoav_try3/H4_GCCTACA.fastq	15978	H4_GCCTACA
/scratch-cbe/users/pierre.bourguet/3_prime_tag_seq_demultiplexed_barcodes_from_yoav_try3/H5_AGCCGAT.fastq	15978	H5_AGCCGAT
/scratch-cbe/users/pierre.bourguet/3_prime_tag_seq_demultiplexed_barcodes_from_yoav_try3/H6_CTACAAG.fastq	15978	H6_CTACAAG
/scratch-cbe/users/pierre.bourguet/3_prime_tag_seq_demultiplexed_barcodes_from_yoav_try3/H7_CTACAGC.fastq	15978	H7_CTACAGC
/scratch-cbe/users/pierre.bourguet/3_prime_tag_seq_demultiplexed_barcodes_from_yoav_try3/H8_TCACAAG.fastq	15978	H8_TCACAAG
/scratch-cbe/users/pierre.bourguet/3_prime_tag_seq_demultiplexed_barcodes_from_yoav_try3/H9_AACGGTG.fastq	15978	H9_AACGGTG
