/scratch-cbe/users/pierre.bourguet/3_prime_tag_seq_demultiplexed_barcodes_from_yoav_try3/A10_AGTCTCC.fastq	15978	ddm1_2_G2_R3
/scratch-cbe/users/pierre.bourguet/3_prime_tag_seq_demultiplexed_barcodes_from_yoav_try3/A11_GCTTCAT.fastq	15978	a_long_3_R3
/scratch-cbe/users/pierre.bourguet/3_prime_tag_seq_demultiplexed_barcodes_from_yoav_try3/A1_CTATTCG.fastq	15978	F2_ddm1_a_2_R1
/scratch-cbe/users/pierre.bourguet/3_prime_tag_seq_demultiplexed_barcodes_from_yoav_try3/A2_GTATGCG.fastq	15978	ddm1_a_1_R2
/scratch-cbe/users/pierre.bourguet/3_prime_tag_seq_demultiplexed_barcodes_from_yoav_try3/A3_TGTCACG.fastq	15978	ddm1_b_1_R1
/scratch-cbe/users/pierre.bourguet/3_prime_tag_seq_demultiplexed_barcodes_from_yoav_try3/A4_CCTAAGG.fastq	15978	ddm1_a_long_b_2_R2
/scratch-cbe/users/pierre.bourguet/3_prime_tag_seq_demultiplexed_barcodes_from_yoav_try3/A5_TTCAAGC.fastq	15978	a_long_1_R1
/scratch-cbe/users/pierre.bourguet/3_prime_tag_seq_demultiplexed_barcodes_from_yoav_try3/A6_CGCTTGA.fastq	15978	mom1_R2
/scratch-cbe/users/pierre.bourguet/3_prime_tag_seq_demultiplexed_barcodes_from_yoav_try3/A7_CATGAAC.fastq	15978	ddm1_ab_2_R3
/scratch-cbe/users/pierre.bourguet/3_prime_tag_seq_demultiplexed_barcodes_from_yoav_try3/A8_CTTAGTG.fastq	15978	ddm1_b_1_R3
/scratch-cbe/users/pierre.bourguet/3_prime_tag_seq_demultiplexed_barcodes_from_yoav_try3/A9_TGGAGCA.fastq	15978	mom1_R3
/scratch-cbe/users/pierre.bourguet/3_prime_tag_seq_demultiplexed_barcodes_from_yoav_try3/B10_GACACTG.fastq	15978	F2_a_2_R3
/scratch-cbe/users/pierre.bourguet/3_prime_tag_seq_demultiplexed_barcodes_from_yoav_try3/B11_GGCACTT.fastq	15978	F2_ddm1_R3
/scratch-cbe/users/pierre.bourguet/3_prime_tag_seq_demultiplexed_barcodes_from_yoav_try3/B1_ACTCAGG.fastq	15978	ddm1_a_1_R1
/scratch-cbe/users/pierre.bourguet/3_prime_tag_seq_demultiplexed_barcodes_from_yoav_try3/B2_ATCTGCA.fastq	15978	ddm1_a_long_b_2_R1
/scratch-cbe/users/pierre.bourguet/3_prime_tag_seq_demultiplexed_barcodes_from_yoav_try3/B3_TTCCTGA.fastq	15978	b_2_R1
/scratch-cbe/users/pierre.bourguet/3_prime_tag_seq_demultiplexed_barcodes_from_yoav_try3/B4_GGCGATT.fastq	15978	b_2_R2
/scratch-cbe/users/pierre.bourguet/3_prime_tag_seq_demultiplexed_barcodes_from_yoav_try3/B5_CTGTGAG.fastq	15978	ddm1_a_long_b_1_R2
/scratch-cbe/users/pierre.bourguet/3_prime_tag_seq_demultiplexed_barcodes_from_yoav_try3/B6_GATCACA.fastq	15978	ddm1_ab_2_R2
/scratch-cbe/users/pierre.bourguet/3_prime_tag_seq_demultiplexed_barcodes_from_yoav_try3/B7_TACTAGC.fastq	15978	ddm1_dNBD8_R3
/scratch-cbe/users/pierre.bourguet/3_prime_tag_seq_demultiplexed_barcodes_from_yoav_try3/B8_GGCTAGA.fastq	15978	b_1_R3
/scratch-cbe/users/pierre.bourguet/3_prime_tag_seq_demultiplexed_barcodes_from_yoav_try3/B9_CAATCGA.fastq	15978	a_1_R3
/scratch-cbe/users/pierre.bourguet/3_prime_tag_seq_demultiplexed_barcodes_from_yoav_try3/C10_ATCAGGC.fastq	15978	F2_ddm1_a_2_R3
/scratch-cbe/users/pierre.bourguet/3_prime_tag_seq_demultiplexed_barcodes_from_yoav_try3/C1_ACACGTG.fastq	15978	a_long_b_R1
/scratch-cbe/users/pierre.bourguet/3_prime_tag_seq_demultiplexed_barcodes_from_yoav_try3/C2_GCAGTAG.fastq	15978	a_long_2_R1
/scratch-cbe/users/pierre.bourguet/3_prime_tag_seq_demultiplexed_barcodes_from_yoav_try3/C3_GGATCTA.fastq	15978	a_2_R1
/scratch-cbe/users/pierre.bourguet/3_prime_tag_seq_demultiplexed_barcodes_from_yoav_try3/C4_GCTGAAT.fastq	15978	ddm1_2_G2_R2
/scratch-cbe/users/pierre.bourguet/3_prime_tag_seq_demultiplexed_barcodes_from_yoav_try3/C5_CTAGTGC.fastq	15978	mom1_R1
/scratch-cbe/users/pierre.bourguet/3_prime_tag_seq_demultiplexed_barcodes_from_yoav_try3/C6_GTGCTAT.fastq	15978	a_long_b_R2
/scratch-cbe/users/pierre.bourguet/3_prime_tag_seq_demultiplexed_barcodes_from_yoav_try3/C7_GCAACTA.fastq	15978	ab_2_R3
/scratch-cbe/users/pierre.bourguet/3_prime_tag_seq_demultiplexed_barcodes_from_yoav_try3/C8_TTGCCAG.fastq	15978	a_long_1_R3
/scratch-cbe/users/pierre.bourguet/3_prime_tag_seq_demultiplexed_barcodes_from_yoav_try3/C9_TTGCAGA.fastq	15978	F2_WT_R2
/scratch-cbe/users/pierre.bourguet/3_prime_tag_seq_demultiplexed_barcodes_from_yoav_try3/D10_CGGATTA.fastq	15978	ddm1_dNBD8_R1
/scratch-cbe/users/pierre.bourguet/3_prime_tag_seq_demultiplexed_barcodes_from_yoav_try3/D1_TCTTCGA.fastq	15978	ddm1_mom1_R3
/scratch-cbe/users/pierre.bourguet/3_prime_tag_seq_demultiplexed_barcodes_from_yoav_try3/D2_CAGTACG.fastq	15978	a_1_R1
/scratch-cbe/users/pierre.bourguet/3_prime_tag_seq_demultiplexed_barcodes_from_yoav_try3/D3_TACCAGT.fastq	15978	ddm1_dNBD8_R2
/scratch-cbe/users/pierre.bourguet/3_prime_tag_seq_demultiplexed_barcodes_from_yoav_try3/D4_GAATAGC.fastq	15978	a_long_3_R1
/scratch-cbe/users/pierre.bourguet/3_prime_tag_seq_demultiplexed_barcodes_from_yoav_try3/D5_CTTGCAG.fastq	15978	ddm1_ab_1_R1
/scratch-cbe/users/pierre.bourguet/3_prime_tag_seq_demultiplexed_barcodes_from_yoav_try3/D6_AGGCTAG.fastq	15978	ddm1_b_1_R2
/scratch-cbe/users/pierre.bourguet/3_prime_tag_seq_demultiplexed_barcodes_from_yoav_try3/D7_AGGCGTT.fastq	15978	b_2_R3
/scratch-cbe/users/pierre.bourguet/3_prime_tag_seq_demultiplexed_barcodes_from_yoav_try3/D8_CGTTGAA.fastq	15978	F2_a_2_R1
/scratch-cbe/users/pierre.bourguet/3_prime_tag_seq_demultiplexed_barcodes_from_yoav_try3/D9_ACCGATC.fastq	15978	ddm1_2_G5_R3
/scratch-cbe/users/pierre.bourguet/3_prime_tag_seq_demultiplexed_barcodes_from_yoav_try3/E10_TCTCGAA.fastq	15978	ddm1_mom1_R1
/scratch-cbe/users/pierre.bourguet/3_prime_tag_seq_demultiplexed_barcodes_from_yoav_try3/E1_AGCACTG.fastq	15978	F2_WT_R3
/scratch-cbe/users/pierre.bourguet/3_prime_tag_seq_demultiplexed_barcodes_from_yoav_try3/E2_TGCACAA.fastq	15978	ab_2_R1
/scratch-cbe/users/pierre.bourguet/3_prime_tag_seq_demultiplexed_barcodes_from_yoav_try3/E3_GGAGACT.fastq	15978	ddm1_a_long_b_1_R1
/scratch-cbe/users/pierre.bourguet/3_prime_tag_seq_demultiplexed_barcodes_from_yoav_try3/E4_ACTGCAG.fastq	15978	ddm1_2_G5_R2
/scratch-cbe/users/pierre.bourguet/3_prime_tag_seq_demultiplexed_barcodes_from_yoav_try3/E5_ATGCCAA.fastq	15978	a_long_1_R2
/scratch-cbe/users/pierre.bourguet/3_prime_tag_seq_demultiplexed_barcodes_from_yoav_try3/E6_CTACGTA.fastq	15978	b_1_R2
/scratch-cbe/users/pierre.bourguet/3_prime_tag_seq_demultiplexed_barcodes_from_yoav_try3/E7_CGCTACA.fastq	15978	ddm1_a_long_b_2_R3
/scratch-cbe/users/pierre.bourguet/3_prime_tag_seq_demultiplexed_barcodes_from_yoav_try3/E8_TCGAAGG.fastq	15978	a_long_2_R3
/scratch-cbe/users/pierre.bourguet/3_prime_tag_seq_demultiplexed_barcodes_from_yoav_try3/E9_CTGATGG.fastq	15978	F2_ddm1_a_2_R2
/scratch-cbe/users/pierre.bourguet/3_prime_tag_seq_demultiplexed_barcodes_from_yoav_try3/F10_ACGCTAT.fastq	15978	ddm1_2_G5_R1
/scratch-cbe/users/pierre.bourguet/3_prime_tag_seq_demultiplexed_barcodes_from_yoav_try3/F1_AGTGCGT.fastq	15978	ddm1_b_2_R3
/scratch-cbe/users/pierre.bourguet/3_prime_tag_seq_demultiplexed_barcodes_from_yoav_try3/F2_CGTAACT.fastq	15978	ab_1_R1
/scratch-cbe/users/pierre.bourguet/3_prime_tag_seq_demultiplexed_barcodes_from_yoav_try3/F3_AGCTAGT.fastq	15978	ddm1_mom1_R2
/scratch-cbe/users/pierre.bourguet/3_prime_tag_seq_demultiplexed_barcodes_from_yoav_try3/F4_CTTACGG.fastq	15978	ab_1_R2
/scratch-cbe/users/pierre.bourguet/3_prime_tag_seq_demultiplexed_barcodes_from_yoav_try3/F5_CATGCTG.fastq	15978	ddm1_ab_1_R2
/scratch-cbe/users/pierre.bourguet/3_prime_tag_seq_demultiplexed_barcodes_from_yoav_try3/F6_ATAGCGA.fastq	15978	Col_0_R2
/scratch-cbe/users/pierre.bourguet/3_prime_tag_seq_demultiplexed_barcodes_from_yoav_try3/F7_AAGGTAC.fastq	15978	F2_WT_R1
/scratch-cbe/users/pierre.bourguet/3_prime_tag_seq_demultiplexed_barcodes_from_yoav_try3/F8_TATAGGC.fastq	15978	ddm1_ab_1_R3
/scratch-cbe/users/pierre.bourguet/3_prime_tag_seq_demultiplexed_barcodes_from_yoav_try3/F9_GCTTAGA.fastq	15978	ddm1_a_1_R3
/scratch-cbe/users/pierre.bourguet/3_prime_tag_seq_demultiplexed_barcodes_from_yoav_try3/G10_TCGATAC.fastq	15978	Col_0_R1
/scratch-cbe/users/pierre.bourguet/3_prime_tag_seq_demultiplexed_barcodes_from_yoav_try3/G1_AACGTTC.fastq	15978	ddm1_a_long_b_1_R3
/scratch-cbe/users/pierre.bourguet/3_prime_tag_seq_demultiplexed_barcodes_from_yoav_try3/G2_AGCTCAA.fastq	15978	a_1_R2
/scratch-cbe/users/pierre.bourguet/3_prime_tag_seq_demultiplexed_barcodes_from_yoav_try3/G3_ACTTGGC.fastq	15978	ddm1_b_2_R2
/scratch-cbe/users/pierre.bourguet/3_prime_tag_seq_demultiplexed_barcodes_from_yoav_try3/G4_CGCATAT.fastq	15978	b_1_R1
/scratch-cbe/users/pierre.bourguet/3_prime_tag_seq_demultiplexed_barcodes_from_yoav_try3/G5_CTAAGCG.fastq	15978	empty_R1
/scratch-cbe/users/pierre.bourguet/3_prime_tag_seq_demultiplexed_barcodes_from_yoav_try3/G6_GTAGTCT.fastq	15978	a_long_2_R2
/scratch-cbe/users/pierre.bourguet/3_prime_tag_seq_demultiplexed_barcodes_from_yoav_try3/G7_AAGCCTT.fastq	15978	F2_ddm1_R1
/scratch-cbe/users/pierre.bourguet/3_prime_tag_seq_demultiplexed_barcodes_from_yoav_try3/G8_AACAGCT.fastq	15978	F2_ddm1_R2
/scratch-cbe/users/pierre.bourguet/3_prime_tag_seq_demultiplexed_barcodes_from_yoav_try3/G9_TACGAGG.fastq	15978	ab_1_R3
/scratch-cbe/users/pierre.bourguet/3_prime_tag_seq_demultiplexed_barcodes_from_yoav_try3/H10_TGACGGA.fastq	15978	ddm1_b_2_R1
/scratch-cbe/users/pierre.bourguet/3_prime_tag_seq_demultiplexed_barcodes_from_yoav_try3/H1_ATCTGTC.fastq	15978	a_2_R3
/scratch-cbe/users/pierre.bourguet/3_prime_tag_seq_demultiplexed_barcodes_from_yoav_try3/H2_ATAACCG.fastq	15978	ddm1_2_G2_R1
/scratch-cbe/users/pierre.bourguet/3_prime_tag_seq_demultiplexed_barcodes_from_yoav_try3/H3_TAGCGCA.fastq	15978	ddm1_ab_2_R1
/scratch-cbe/users/pierre.bourguet/3_prime_tag_seq_demultiplexed_barcodes_from_yoav_try3/H4_GCCTACA.fastq	15978	a_2_R2
/scratch-cbe/users/pierre.bourguet/3_prime_tag_seq_demultiplexed_barcodes_from_yoav_try3/H5_AGCCGAT.fastq	15978	ab_2_R2
/scratch-cbe/users/pierre.bourguet/3_prime_tag_seq_demultiplexed_barcodes_from_yoav_try3/H6_CTACAAG.fastq	15978	a_long_3_R2
/scratch-cbe/users/pierre.bourguet/3_prime_tag_seq_demultiplexed_barcodes_from_yoav_try3/H7_CTACAGC.fastq	15978	a_long_b_R3
/scratch-cbe/users/pierre.bourguet/3_prime_tag_seq_demultiplexed_barcodes_from_yoav_try3/H8_TCACAAG.fastq	15978	Col_0_R3
/scratch-cbe/users/pierre.bourguet/3_prime_tag_seq_demultiplexed_barcodes_from_yoav_try3/H9_AACGGTG.fastq	15978	F2_a_2_R2
