/scratch-cbe/users/pierre.bourguet/tagseq_06_ddm1_alleles/demultiplex_merged/A1_CTATTCG.fastq.gz	G603E_R1
/scratch-cbe/users/pierre.bourguet/tagseq_06_ddm1_alleles/demultiplex_merged/B1_ACTCAGG.fastq.gz	G603E_R2
/scratch-cbe/users/pierre.bourguet/tagseq_06_ddm1_alleles/demultiplex_merged/C1_ACACGTG.fastq.gz	G603E_R3
/scratch-cbe/users/pierre.bourguet/tagseq_06_ddm1_alleles/demultiplex_merged/D1_TCTTCGA.fastq.gz	G603E_R4
/scratch-cbe/users/pierre.bourguet/tagseq_06_ddm1_alleles/demultiplex_merged/E1_AGCACTG.fastq.gz	WT_R1
/scratch-cbe/users/pierre.bourguet/tagseq_06_ddm1_alleles/demultiplex_merged/F1_AGTGCGT.fastq.gz	WT_R2
/scratch-cbe/users/pierre.bourguet/tagseq_06_ddm1_alleles/demultiplex_merged/G1_AACGTTC.fastq.gz	WT_R3
/scratch-cbe/users/pierre.bourguet/tagseq_06_ddm1_alleles/demultiplex_merged/H1_ATCTGTC.fastq.gz	WT_R4
/scratch-cbe/users/pierre.bourguet/tagseq_06_ddm1_alleles/demultiplex_merged/A2_GTATGCG.fastq.gz	ddm1_G3_R1
/scratch-cbe/users/pierre.bourguet/tagseq_06_ddm1_alleles/demultiplex_merged/B2_ATCTGCA.fastq.gz	ddm1_G3_R2
/scratch-cbe/users/pierre.bourguet/tagseq_06_ddm1_alleles/demultiplex_merged/C2_GCAGTAG.fastq.gz	ddm1_G3_R3
/scratch-cbe/users/pierre.bourguet/tagseq_06_ddm1_alleles/demultiplex_merged/D2_CAGTACG.fastq.gz	ddm1_G3_R4
/scratch-cbe/users/pierre.bourguet/tagseq_06_ddm1_alleles/demultiplex_merged/E2_TGCACAA.fastq.gz	A314T_R1
/scratch-cbe/users/pierre.bourguet/tagseq_06_ddm1_alleles/demultiplex_merged/F2_CGTAACT.fastq.gz	A314T_R2
/scratch-cbe/users/pierre.bourguet/tagseq_06_ddm1_alleles/demultiplex_merged/G2_AGCTCAA.fastq.gz	A314T_R3
/scratch-cbe/users/pierre.bourguet/tagseq_06_ddm1_alleles/demultiplex_merged/H2_ATAACCG.fastq.gz	A314T_R4
/scratch-cbe/users/pierre.bourguet/tagseq_06_ddm1_alleles/demultiplex_merged/A3_TGTCACG.fastq.gz	G259N_R1
/scratch-cbe/users/pierre.bourguet/tagseq_06_ddm1_alleles/demultiplex_merged/B3_TTCCTGA.fastq.gz	G259N_R2
/scratch-cbe/users/pierre.bourguet/tagseq_06_ddm1_alleles/demultiplex_merged/C3_GGATCTA.fastq.gz	G259N_R3
/scratch-cbe/users/pierre.bourguet/tagseq_06_ddm1_alleles/demultiplex_merged/D3_TACCAGT.fastq.gz	G259N_R4
/scratch-cbe/users/pierre.bourguet/tagseq_06_ddm1_alleles/demultiplex_merged/E3_GGAGACT.fastq.gz	G606E_R1
/scratch-cbe/users/pierre.bourguet/tagseq_06_ddm1_alleles/demultiplex_merged/F3_AGCTAGT.fastq.gz	G606E_R2
/scratch-cbe/users/pierre.bourguet/tagseq_06_ddm1_alleles/demultiplex_merged/G3_ACTTGGC.fastq.gz	G606E_R3
/scratch-cbe/users/pierre.bourguet/tagseq_06_ddm1_alleles/demultiplex_merged/H3_TAGCGCA.fastq.gz	G606E_R4
/scratch-cbe/users/pierre.bourguet/tagseq_06_ddm1_alleles/demultiplex_merged/A4_CCTAAGG.fastq.gz	P624L_R1
/scratch-cbe/users/pierre.bourguet/tagseq_06_ddm1_alleles/demultiplex_merged/B4_GGCGATT.fastq.gz	P624L_R2
/scratch-cbe/users/pierre.bourguet/tagseq_06_ddm1_alleles/demultiplex_merged/C4_GCTGAAT.fastq.gz	P624L_R3
/scratch-cbe/users/pierre.bourguet/tagseq_06_ddm1_alleles/demultiplex_merged/D4_GAATAGC.fastq.gz	P624L_R4
/scratch-cbe/users/pierre.bourguet/tagseq_06_ddm1_alleles/demultiplex_merged/E4_ACTGCAG.fastq.gz	Q99_stop_R1
/scratch-cbe/users/pierre.bourguet/tagseq_06_ddm1_alleles/demultiplex_merged/F4_CTTACGG.fastq.gz	Q99_stop_R2
/scratch-cbe/users/pierre.bourguet/tagseq_06_ddm1_alleles/demultiplex_merged/G4_CGCATAT.fastq.gz	Q99_stop_R3
/scratch-cbe/users/pierre.bourguet/tagseq_06_ddm1_alleles/demultiplex_merged/H4_GCCTACA.fastq.gz	Q99_stop_R4
/scratch-cbe/users/pierre.bourguet/tagseq_06_ddm1_alleles/demultiplex_merged/A5_TTCAAGC.fastq.gz	W748_stop_R1
/scratch-cbe/users/pierre.bourguet/tagseq_06_ddm1_alleles/demultiplex_merged/B5_CTGTGAG.fastq.gz	W748_stop_R2
/scratch-cbe/users/pierre.bourguet/tagseq_06_ddm1_alleles/demultiplex_merged/C5_CTAGTGC.fastq.gz	W748_stop_R3
/scratch-cbe/users/pierre.bourguet/tagseq_06_ddm1_alleles/demultiplex_merged/D5_CTTGCAG.fastq.gz	W748_stop_R4
